,cap-shape,cap-surface,cap-color,bruises,odor,gill-attachment,gill-spacing,gill-size,gill-color,stalk-shape,stalk-root,stalk-surface-above-ring,stalk-surface-below-ring,stalk-color-above-ring,stalk-color-below-ring,veil-type,veil-color,ring-number,ring-type,spore-print-color,population,habitat,class
0,x,f,g,f,f,f,c,b,p,e,b,k,k,b,n,p,w,o,l,h,y,d,p
1,k,f,w,f,n,f,w,b,p,e,?,s,s,w,w,p,w,t,p,w,s,g,e
2,f,s,e,f,f,f,c,n,b,t,?,s,k,p,w,p,w,o,e,w,v,l,p
3,f,s,g,f,n,f,w,b,h,t,e,f,s,w,w,p,w,o,e,k,s,g,e
4,x,y,p,t,n,f,c,b,w,e,b,s,s,w,w,p,w,t,p,w,v,p,e
5,x,y,n,f,f,f,c,n,b,t,?,k,k,w,w,p,w,o,e,w,v,p,p
6,x,s,w,t,f,f,c,b,p,t,b,f,s,w,w,p,w,o,p,h,s,g,p
7,f,y,n,f,y,f,c,n,b,t,?,k,s,p,p,p,w,o,e,w,v,p,p
8,f,y,e,t,n,f,c,b,e,e,?,s,s,e,w,p,w,t,e,w,c,w,e
9,k,f,w,f,n,f,w,b,w,e,?,s,k,w,w,p,w,t,p,w,s,g,e
10,f,y,e,f,s,f,c,n,b,t,?,s,k,p,w,p,w,o,e,w,v,p,p
11,k,y,e,f,f,f,c,n,b,t,?,s,k,w,p,p,w,o,e,w,v,p,p
12,b,s,w,t,l,f,c,b,n,e,c,s,s,w,w,p,w,o,p,k,n,g,e
13,x,y,g,t,n,f,c,b,n,t,b,s,s,g,p,p,w,o,p,k,y,d,e
14,f,y,e,t,n,f,c,b,n,t,b,s,s,g,w,p,w,o,p,n,y,d,e
15,f,s,e,f,s,f,c,n,b,t,?,s,s,p,p,p,w,o,e,w,v,p,p
16,k,s,e,f,y,f,c,n,b,t,?,k,k,w,w,p,w,o,e,w,v,p,p
17,x,y,g,f,f,f,c,b,h,e,b,k,k,n,p,p,w,o,l,h,v,d,p
18,f,s,w,t,a,f,w,n,w,t,b,s,s,w,w,p,w,o,p,u,v,d,e
19,x,s,b,t,f,f,c,b,w,t,b,f,s,w,w,p,w,o,p,h,v,g,p
20,x,s,n,f,s,f,c,n,b,t,?,k,k,p,p,p,w,o,e,w,v,l,p
21,x,y,e,t,n,f,c,b,p,t,b,s,s,g,w,p,w,o,p,n,y,d,e
22,x,y,e,f,s,f,c,n,b,t,?,k,s,w,p,p,w,o,e,w,v,p,p
23,x,s,y,t,l,f,c,b,w,e,c,s,s,w,w,p,w,o,p,k,s,m,e
24,f,f,n,t,n,f,c,b,p,t,b,s,s,p,g,p,w,o,p,n,y,d,e
25,x,f,n,t,n,f,c,b,n,t,b,s,s,p,w,p,w,o,p,n,y,d,e
26,x,f,g,f,f,f,c,b,g,e,b,k,k,b,p,p,w,o,l,h,v,g,p
27,f,s,n,f,n,f,w,b,h,t,e,s,s,w,w,p,w,o,e,n,a,g,e
28,f,y,y,f,f,f,c,b,p,e,b,k,k,p,b,p,w,o,l,h,y,d,p
29,x,f,y,f,f,f,c,b,g,e,b,k,k,p,n,p,w,o,l,h,y,d,p
30,x,s,y,t,a,f,c,b,w,e,c,s,s,w,w,p,w,o,p,k,s,g,e
31,x,s,g,f,n,f,w,b,n,t,e,s,s,w,w,p,w,o,e,k,s,g,e
32,f,y,g,f,f,f,c,b,h,e,b,k,k,p,p,p,w,o,l,h,v,p,p
33,k,y,e,f,y,f,c,n,b,t,?,s,s,p,w,p,w,o,e,w,v,l,p
34,f,f,g,t,n,f,c,b,u,t,b,s,s,w,w,p,w,o,p,n,y,d,e
35,x,f,g,f,n,f,w,b,k,t,e,s,f,w,w,p,w,o,e,n,s,g,e
36,k,s,n,f,f,f,c,n,b,t,?,s,k,p,p,p,w,o,e,w,v,l,p
37,f,s,e,f,s,f,c,n,b,t,?,s,k,p,p,p,w,o,e,w,v,l,p
38,f,s,e,f,f,f,c,n,b,t,?,s,s,w,p,p,w,o,e,w,v,l,p
39,k,s,e,f,y,f,c,n,b,t,?,k,k,p,p,p,w,o,e,w,v,l,p
40,f,y,e,t,n,f,c,b,w,t,b,s,s,p,w,p,w,o,p,n,v,d,e
41,b,f,g,f,n,f,w,b,p,e,?,s,k,w,w,p,w,t,p,w,n,g,e
42,x,y,n,t,l,f,c,b,p,e,r,s,y,w,w,p,w,o,p,k,s,p,e
43,x,f,y,f,f,f,c,b,h,e,b,k,k,n,n,p,w,o,l,h,v,p,p
44,x,s,w,f,n,f,w,b,n,t,e,f,s,w,w,p,w,o,e,k,s,g,e
45,k,y,e,f,y,f,c,n,b,t,?,s,s,p,p,p,w,o,e,w,v,l,p
46,x,f,g,f,c,f,w,n,u,e,b,s,s,w,w,p,w,o,p,n,s,d,p
47,x,y,n,t,l,f,c,b,p,e,r,s,y,w,w,p,w,o,p,n,y,p,e
48,f,f,g,t,n,f,c,b,n,t,b,s,s,g,g,p,w,o,p,n,y,d,e
49,f,y,n,t,a,f,c,b,p,e,r,s,y,w,w,p,w,o,p,n,s,p,e
50,x,y,e,f,s,f,c,n,b,t,?,s,k,p,p,p,w,o,e,w,v,p,p
51,x,f,e,t,n,f,c,b,u,t,b,s,s,w,w,p,w,o,p,k,v,d,e
52,x,f,y,f,f,f,c,b,g,e,b,k,k,b,p,p,w,o,l,h,v,p,p
53,x,y,e,t,n,f,c,b,w,t,b,s,s,w,g,p,w,o,p,n,y,d,e
54,x,f,g,t,n,f,c,b,p,t,b,s,s,w,p,p,w,o,p,n,v,d,e
55,x,y,g,f,f,f,c,b,p,e,b,k,k,b,n,p,w,o,l,h,y,p,p
56,k,y,c,f,n,f,w,n,w,e,b,s,s,w,n,p,w,o,e,w,v,l,e
57,x,s,w,t,f,f,c,b,p,t,b,f,f,w,w,p,w,o,p,h,v,g,p
58,x,f,g,f,f,f,c,b,h,e,b,k,k,b,b,p,w,o,l,h,v,d,p
59,f,s,b,t,n,f,c,b,e,e,?,s,s,w,w,p,w,t,e,w,c,w,e
60,f,s,e,f,y,f,c,n,b,t,?,k,k,p,p,p,w,o,e,w,v,d,p
61,k,y,e,f,s,f,c,n,b,t,?,s,s,p,p,p,w,o,e,w,v,d,p
62,f,y,w,t,n,f,c,b,g,e,b,s,s,w,w,p,w,t,p,r,v,g,p
63,f,s,w,f,n,f,w,b,h,t,e,s,f,w,w,p,w,o,e,k,s,g,e
64,f,y,y,f,f,f,c,b,g,e,b,k,k,p,n,p,w,o,l,h,v,g,p
65,x,f,g,f,n,f,w,b,k,t,e,f,s,w,w,p,w,o,e,k,a,g,e
66,k,y,e,f,y,f,c,n,b,t,?,s,k,p,w,p,w,o,e,w,v,p,p
67,f,f,g,f,f,f,c,b,p,e,b,k,k,p,b,p,w,o,l,h,v,p,p
68,b,s,n,f,n,a,c,b,o,e,?,s,s,o,o,p,o,o,p,n,c,l,e
69,f,s,n,f,s,f,c,n,b,t,?,s,s,p,w,p,w,o,e,w,v,l,p
70,f,s,n,f,s,f,c,n,b,t,?,k,k,w,p,p,w,o,e,w,v,d,p
71,x,f,g,f,n,f,c,n,n,e,e,s,s,w,w,p,w,o,p,k,y,u,e
72,f,y,g,f,f,f,c,b,h,e,b,k,k,n,b,p,w,o,l,h,v,d,p
73,x,y,n,t,p,f,c,n,k,e,e,s,s,w,w,p,w,o,p,k,s,u,p
74,x,y,y,t,l,f,c,b,k,e,c,s,s,w,w,p,w,o,p,n,s,g,e
75,f,y,n,f,f,f,c,n,b,t,?,k,k,p,w,p,w,o,e,w,v,l,p
76,x,f,g,t,n,f,c,b,n,t,b,s,s,w,p,p,w,o,p,n,y,d,e
77,x,f,y,f,f,f,c,b,h,e,b,k,k,b,b,p,w,o,l,h,y,p,p
78,f,f,g,f,f,f,c,b,g,e,b,k,k,p,n,p,w,o,l,h,v,d,p
79,f,f,y,f,f,f,c,b,h,e,b,k,k,b,n,p,w,o,l,h,y,d,p
80,x,s,y,t,l,f,c,b,k,e,c,s,s,w,w,p,w,o,p,n,n,m,e
81,x,s,e,f,s,f,c,n,b,t,?,k,s,w,p,p,w,o,e,w,v,l,p
82,x,f,c,f,n,f,w,n,w,e,b,s,s,w,n,p,w,o,e,w,v,l,e
83,k,y,e,f,f,f,c,n,b,t,?,k,k,w,w,p,w,o,e,w,v,l,p
84,f,f,y,f,f,f,c,b,p,e,b,k,k,p,b,p,w,o,l,h,v,g,p
85,x,s,n,f,n,a,c,b,o,e,?,s,s,o,o,p,n,o,p,o,c,l,e
86,k,y,e,f,s,f,c,n,b,t,?,k,k,p,w,p,w,o,e,w,v,l,p
87,x,y,n,t,n,f,c,b,p,t,b,s,s,p,p,p,w,o,p,n,y,d,e
88,f,s,n,f,f,f,c,n,b,t,?,s,k,w,w,p,w,o,e,w,v,d,p
89,f,s,b,t,f,f,c,b,h,t,b,f,s,w,w,p,w,o,p,h,v,g,p
90,x,y,n,t,p,f,c,n,w,e,e,s,s,w,w,p,w,o,p,k,v,g,p
91,c,y,y,f,n,f,w,n,y,e,c,y,y,y,y,p,y,o,e,w,c,l,p
92,x,y,n,t,l,f,c,b,p,e,r,s,y,w,w,p,w,o,p,n,s,g,e
93,k,y,e,f,y,f,c,n,b,t,?,s,k,p,w,p,w,o,e,w,v,l,p
94,f,y,g,t,n,f,c,b,p,t,b,s,s,g,p,p,w,o,p,n,y,d,e
95,f,f,e,t,n,f,c,b,p,t,b,s,s,w,w,p,w,o,p,n,y,d,e
96,x,y,e,t,n,f,c,b,p,t,b,s,s,g,g,p,w,o,p,n,y,d,e
97,f,s,n,f,y,f,c,n,b,t,?,s,s,p,p,p,w,o,e,w,v,p,p
98,b,s,w,t,a,f,c,b,g,e,c,s,s,w,w,p,w,o,p,k,n,m,e
99,x,y,y,t,a,f,c,b,g,e,c,s,s,w,w,p,w,o,p,k,n,g,e
100,f,f,g,t,n,f,c,b,u,t,b,s,s,p,p,p,w,o,p,k,y,d,e
101,x,y,g,f,f,f,c,b,g,e,b,k,k,b,n,p,w,o,l,h,v,g,p
102,f,f,g,t,n,f,c,b,w,t,b,s,s,g,p,p,w,o,p,n,v,d,e
103,x,y,n,f,f,f,c,n,b,t,?,k,k,p,w,p,w,o,e,w,v,d,p
104,f,f,g,t,n,f,c,b,n,t,b,s,s,g,w,p,w,o,p,n,v,d,e
105,x,f,w,f,n,f,w,b,p,t,e,s,f,w,w,p,w,o,e,n,s,g,e
106,f,f,y,f,f,f,c,b,h,e,b,k,k,p,n,p,w,o,l,h,v,p,p
107,f,f,y,f,f,f,c,b,p,e,b,k,k,b,b,p,w,o,l,h,y,g,p
108,x,f,n,f,n,f,c,n,k,e,e,s,s,w,w,p,w,o,p,k,y,u,e
109,f,f,w,f,n,f,w,b,p,t,e,s,f,w,w,p,w,o,e,k,a,g,e
110,x,f,g,f,f,f,c,b,p,e,b,k,k,p,b,p,w,o,l,h,y,g,p
111,k,s,e,f,f,f,c,n,b,t,?,k,k,w,p,p,w,o,e,w,v,p,p
112,f,s,g,f,n,f,w,b,p,t,e,f,f,w,w,p,w,o,e,n,s,g,e
113,f,y,n,t,l,f,c,b,n,e,r,s,y,w,w,p,w,o,p,n,y,g,e
114,f,f,g,t,n,f,c,b,u,t,b,s,s,g,p,p,w,o,p,k,v,d,e
115,x,s,w,t,f,f,c,b,h,t,b,s,f,w,w,p,w,o,p,h,v,g,p
116,x,y,w,t,p,f,c,n,n,e,e,s,s,w,w,p,w,o,p,k,v,u,p
117,f,y,n,t,n,f,c,b,u,t,b,s,s,p,g,p,w,o,p,n,y,d,e
118,x,s,e,f,s,f,c,n,b,t,?,k,s,p,w,p,w,o,e,w,v,l,p
119,x,s,w,f,n,f,w,b,n,t,e,f,s,w,w,p,w,o,e,k,a,g,e
120,f,s,g,f,n,f,w,b,h,t,e,f,s,w,w,p,w,o,e,k,a,g,e
121,k,s,n,f,f,f,c,n,b,t,?,s,k,p,w,p,w,o,e,w,v,p,p
122,x,s,e,f,f,f,c,n,b,t,?,s,s,w,p,p,w,o,e,w,v,d,p
123,f,f,n,f,n,f,w,b,h,t,e,f,s,w,w,p,w,o,e,n,s,g,e
124,x,f,w,f,n,f,w,b,k,t,e,f,s,w,w,p,w,o,e,k,s,g,e
125,f,y,y,t,a,f,c,b,p,e,r,s,y,w,w,p,w,o,p,k,s,g,e
126,x,y,g,t,n,f,c,b,w,e,b,s,s,w,w,p,w,t,p,w,y,p,e
127,x,f,y,f,f,f,c,b,p,e,b,k,k,p,b,p,w,o,l,h,y,g,p
128,k,s,e,f,s,f,c,n,b,t,?,k,s,p,w,p,w,o,e,w,v,p,p
129,f,s,n,f,y,f,c,n,b,t,?,k,s,p,w,p,w,o,e,w,v,l,p
130,f,s,n,f,n,a,c,b,y,e,?,s,s,o,o,p,n,o,p,n,c,l,e
131,b,s,y,t,a,f,c,b,w,e,c,s,s,w,w,p,w,o,p,k,n,m,e
132,x,s,p,t,n,f,c,b,w,e,?,s,s,w,w,p,w,t,e,w,c,w,e
133,x,s,w,t,l,f,c,b,n,e,c,s,s,w,w,p,w,o,p,k,s,g,e
134,b,y,y,t,l,f,c,b,n,e,c,s,s,w,w,p,w,o,p,k,n,m,e
135,f,y,e,t,n,f,c,b,u,t,b,s,s,p,g,p,w,o,p,k,v,d,e
136,k,y,c,f,n,f,w,n,w,e,b,s,f,w,n,p,w,o,e,w,v,l,e
137,f,y,e,f,y,f,c,n,b,t,?,s,s,w,p,p,w,o,e,w,v,p,p
138,f,s,e,f,f,f,c,n,b,t,?,s,s,w,p,p,w,o,e,w,v,d,p
139,f,y,n,t,n,f,c,b,p,t,b,s,s,p,w,p,w,o,p,n,y,d,e
140,f,y,r,f,n,f,c,n,w,e,?,s,f,w,w,p,w,o,f,h,v,d,e
141,x,s,g,t,f,f,c,b,w,t,b,s,s,w,w,p,w,o,p,h,s,u,p
142,f,f,g,f,n,f,w,b,p,t,e,f,s,w,w,p,w,o,e,n,a,g,e
143,k,y,n,t,n,f,c,b,w,e,?,s,s,w,w,p,w,t,e,w,c,w,e
144,x,f,n,t,n,f,c,b,p,t,b,s,s,w,g,p,w,o,p,n,v,d,e
145,x,y,n,t,n,f,c,b,u,t,b,s,s,g,p,p,w,o,p,k,v,d,e
146,k,s,e,f,s,f,c,n,b,t,?,s,s,w,w,p,w,o,e,w,v,l,p
147,f,f,y,f,f,f,c,b,h,e,b,k,k,n,p,p,w,o,l,h,v,p,p
148,b,s,w,t,l,f,c,b,k,e,c,s,s,w,w,p,w,o,p,n,s,m,e
149,f,y,y,t,l,f,c,b,p,e,r,s,y,w,w,p,w,o,p,n,y,g,e
150,f,s,b,t,n,f,c,b,e,e,?,s,s,e,e,p,w,t,e,w,c,w,e
151,f,f,w,f,n,f,w,b,n,t,e,f,s,w,w,p,w,o,e,k,s,g,e
152,b,y,y,t,a,f,c,b,n,e,c,s,s,w,w,p,w,o,p,n,n,m,e
153,b,f,w,f,n,f,w,b,p,e,?,k,k,w,w,p,w,t,p,w,s,g,e
154,x,s,y,t,a,f,c,b,g,e,c,s,s,w,w,p,w,o,p,k,n,g,e
155,k,y,e,f,y,f,c,n,b,t,?,s,s,w,p,p,w,o,e,w,v,p,p
156,k,y,n,f,f,f,c,n,b,t,?,k,s,w,w,p,w,o,e,w,v,p,p
157,f,s,n,f,n,a,c,b,n,e,?,s,s,o,o,p,n,o,p,b,v,l,e
158,x,y,w,t,a,f,c,b,n,e,c,s,s,w,w,p,w,o,p,k,s,m,e
159,x,s,n,f,n,f,w,b,p,t,e,s,f,w,w,p,w,o,e,n,s,g,e
160,f,y,g,f,f,f,c,b,g,e,b,k,k,n,b,p,w,o,l,h,y,g,p
161,f,f,n,t,n,f,c,b,n,t,b,s,s,w,g,p,w,o,p,n,y,d,e
162,f,f,n,t,n,f,c,b,n,t,b,s,s,w,p,p,w,o,p,k,v,d,e
163,x,f,g,f,n,f,w,b,w,e,?,k,k,w,w,p,w,t,p,w,s,g,e
164,f,f,w,f,n,f,w,b,h,t,e,s,f,w,w,p,w,o,e,k,a,g,e
165,f,s,e,f,y,f,c,n,b,t,?,k,k,w,w,p,w,o,e,w,v,l,p
166,k,y,n,f,y,f,c,n,b,t,?,s,k,w,w,p,w,o,e,w,v,p,p
167,f,y,n,f,n,f,w,n,w,e,b,s,f,w,n,p,w,o,e,w,v,l,e
168,f,f,n,t,n,f,c,b,p,t,b,s,s,w,w,p,w,o,p,n,y,d,e
169,f,f,n,t,n,f,c,b,p,t,b,s,s,p,p,p,w,o,p,n,y,d,e
170,x,y,g,t,n,f,c,b,u,t,b,s,s,p,g,p,w,o,p,k,v,d,e
171,x,s,p,f,c,f,c,n,u,e,b,s,s,w,w,p,w,o,p,n,v,d,p
172,x,s,n,f,n,a,c,b,n,e,?,s,s,o,o,p,o,o,p,n,c,l,e
173,f,y,g,f,f,f,c,b,g,e,b,k,k,b,b,p,w,o,l,h,y,d,p
174,f,f,c,f,n,f,w,n,w,e,b,f,s,w,n,p,w,o,e,w,v,l,e
175,x,y,g,t,n,f,c,b,p,t,b,s,s,w,p,p,w,o,p,n,y,d,e
176,b,y,y,t,a,f,c,b,n,e,c,s,s,w,w,p,w,o,p,n,s,m,e
177,x,y,g,t,n,f,c,b,u,t,b,s,s,w,p,p,w,o,p,n,y,d,e
178,f,f,n,t,n,f,c,b,n,t,b,s,s,g,p,p,w,o,p,n,v,d,e
179,x,s,g,f,c,f,c,n,p,e,b,s,s,w,w,p,w,o,p,k,v,d,p
180,x,y,e,t,n,f,c,b,p,t,b,s,s,p,p,p,w,o,p,n,v,d,e
181,x,y,n,f,y,f,c,n,b,t,?,k,k,w,p,p,w,o,e,w,v,d,p
182,x,y,y,t,a,f,c,b,w,e,c,s,s,w,w,p,w,o,p,k,n,g,e
183,x,f,g,f,f,f,c,b,g,e,b,k,k,b,b,p,w,o,l,h,v,p,p
184,x,y,n,t,n,f,c,b,n,t,b,s,s,p,p,p,w,o,p,k,y,d,e
185,k,y,e,f,f,f,c,n,b,t,?,s,k,p,w,p,w,o,e,w,v,d,p
186,k,s,n,f,f,f,c,n,b,t,?,k,s,p,w,p,w,o,e,w,v,l,p
187,f,y,g,f,f,f,c,b,p,e,b,k,k,p,n,p,w,o,l,h,v,d,p
188,x,s,n,f,n,f,w,b,h,t,e,s,f,w,w,p,w,o,e,n,a,g,e
189,f,s,w,f,n,f,w,b,p,t,e,s,s,w,w,p,w,o,e,k,s,g,e
190,f,y,e,f,s,f,c,n,b,t,?,s,k,w,p,p,w,o,e,w,v,d,p
191,x,s,w,f,n,f,w,b,g,e,?,k,k,w,w,p,w,t,p,w,s,g,e
192,f,f,e,t,n,f,c,b,n,t,b,s,s,g,g,p,w,o,p,n,v,d,e
193,b,s,g,f,n,f,w,b,g,e,?,k,s,w,w,p,w,t,p,w,n,g,e
194,f,s,n,f,y,f,c,n,b,t,?,s,k,w,w,p,w,o,e,w,v,l,p
195,x,y,n,t,n,f,c,b,w,e,?,s,s,e,e,p,w,t,e,w,c,w,e
196,f,f,g,t,n,f,c,b,w,t,b,s,s,g,g,p,w,o,p,n,y,d,e
197,f,f,g,f,f,f,c,b,p,e,b,k,k,p,p,p,w,o,l,h,y,d,p
198,x,y,y,t,a,f,c,b,w,e,c,s,s,w,w,p,w,o,p,n,s,m,e
199,f,y,e,f,s,f,c,n,b,t,?,s,k,p,w,p,w,o,e,w,v,d,p
200,x,s,w,t,a,f,w,n,p,t,b,s,s,w,w,p,w,o,p,u,v,d,e
201,x,y,n,t,n,f,c,b,n,t,b,s,s,g,p,p,w,o,p,n,y,d,e
202,f,f,g,f,n,f,w,b,k,t,e,s,s,w,w,p,w,o,e,n,a,g,e
203,x,y,g,t,n,f,c,b,w,t,b,s,s,w,g,p,w,o,p,n,v,d,e
204,x,y,n,t,a,f,c,b,n,e,r,s,y,w,w,p,w,o,p,k,y,p,e
205,s,f,g,f,n,f,c,n,p,e,e,s,s,w,w,p,w,o,p,n,y,u,e
206,f,y,e,f,s,f,c,n,b,t,?,s,k,p,p,p,w,o,e,w,v,l,p
207,x,f,w,f,n,f,w,b,h,t,e,f,f,w,w,p,w,o,e,n,a,g,e
208,x,y,y,t,l,f,c,b,w,e,c,s,s,w,w,p,w,o,p,k,s,m,e
209,k,f,w,f,n,f,w,b,g,e,?,s,k,w,w,p,w,t,p,w,n,g,e
210,x,s,n,f,f,f,c,n,b,t,?,s,s,w,w,p,w,o,e,w,v,d,p
211,x,y,n,t,a,f,c,b,n,e,r,s,y,w,w,p,w,o,p,n,y,g,e
212,x,f,g,t,n,f,c,b,p,t,b,s,s,p,p,p,w,o,p,k,v,d,e
213,x,y,e,t,n,f,c,b,w,t,b,s,s,w,g,p,w,o,p,k,v,d,e
214,x,f,w,f,c,f,w,n,g,e,b,s,s,w,w,p,w,o,p,n,v,d,p
215,b,s,w,t,l,f,c,b,g,e,c,s,s,w,w,p,w,o,p,k,n,g,e
216,k,y,e,f,y,f,c,n,b,t,?,s,s,w,p,p,w,o,e,w,v,d,p
217,x,s,b,t,f,f,c,b,p,t,b,s,f,w,w,p,w,o,p,h,s,u,p
218,f,s,n,f,n,f,w,b,p,t,e,f,f,w,w,p,w,o,e,k,a,g,e
219,f,s,e,f,f,f,c,n,b,t,?,k,k,w,p,p,w,o,e,w,v,l,p
220,x,y,n,t,n,f,c,b,p,t,b,s,s,g,w,p,w,o,p,n,y,d,e
221,x,f,e,t,n,f,c,b,w,t,b,s,s,w,p,p,w,o,p,n,v,d,e
222,x,y,b,t,n,f,c,b,e,e,?,s,s,w,e,p,w,t,e,w,c,w,e
223,x,y,g,t,n,f,c,b,u,t,b,s,s,g,g,p,w,o,p,n,v,d,e
224,f,y,e,f,s,f,c,n,b,t,?,s,s,w,p,p,w,o,e,w,v,l,p
225,f,s,g,t,f,f,c,b,w,t,b,f,s,w,w,p,w,o,p,h,v,g,p
226,x,s,y,t,l,f,c,b,n,e,c,s,s,w,w,p,w,o,p,n,s,m,e
227,x,y,g,f,f,f,c,b,g,e,b,k,k,n,b,p,w,o,l,h,v,d,p
228,x,f,g,t,n,f,c,b,u,t,b,s,s,g,w,p,w,o,p,n,v,d,e
229,f,f,e,t,n,f,c,b,n,t,b,s,s,g,w,p,w,o,p,k,y,d,e
230,f,f,n,f,n,f,c,n,p,e,e,s,s,w,w,p,w,o,p,k,v,u,e
231,x,y,y,f,f,f,c,b,g,e,b,k,k,p,b,p,w,o,l,h,v,d,p
232,x,f,g,f,n,f,c,n,k,e,e,s,s,w,w,p,w,o,p,k,v,u,e
233,x,y,e,f,y,f,c,n,b,t,?,k,s,p,p,p,w,o,e,w,v,d,p
234,x,s,n,f,f,f,c,n,b,t,?,s,k,p,w,p,w,o,e,w,v,l,p
235,x,y,e,f,s,f,c,n,b,t,?,s,k,p,p,p,w,o,e,w,v,l,p
236,f,y,c,f,m,f,c,b,w,e,c,k,y,c,c,p,w,n,n,w,c,d,p
237,x,y,g,f,f,f,c,b,h,e,b,k,k,p,b,p,w,o,l,h,y,d,p
238,x,y,g,f,f,f,c,b,h,e,b,k,k,n,p,p,w,o,l,h,y,g,p
239,k,y,n,f,f,f,c,n,b,t,?,k,s,p,w,p,w,o,e,w,v,d,p
240,f,f,y,f,f,f,c,b,g,e,b,k,k,n,b,p,w,o,l,h,y,p,p
241,x,f,w,f,n,f,w,b,h,t,e,s,f,w,w,p,w,o,e,n,s,g,e
242,f,s,w,f,n,f,w,b,k,t,e,s,s,w,w,p,w,o,e,n,s,g,e
243,k,y,e,f,f,f,c,n,b,t,?,k,s,w,w,p,w,o,e,w,v,p,p
244,x,s,n,f,n,a,c,b,n,e,?,s,s,o,o,p,n,o,p,y,c,l,e
245,k,s,e,f,y,f,c,n,b,t,?,k,s,w,w,p,w,o,e,w,v,p,p
246,b,y,y,t,l,f,c,b,k,e,c,s,s,w,w,p,w,o,p,k,s,m,e
247,f,f,e,t,n,f,c,b,w,t,b,s,s,w,p,p,w,o,p,k,v,d,e
248,x,y,g,f,f,f,c,b,p,e,b,k,k,b,p,p,w,o,l,h,v,g,p
249,f,f,n,f,n,f,w,b,n,t,e,s,f,w,w,p,w,o,e,k,s,g,e
250,f,s,b,t,f,f,c,b,h,t,b,f,f,w,w,p,w,o,p,h,s,u,p
251,k,y,n,f,n,f,w,n,w,e,b,s,s,w,n,p,w,o,e,w,v,l,e
252,x,y,e,t,n,f,c,b,e,e,?,s,s,w,e,p,w,t,e,w,c,w,e
253,x,y,n,f,f,f,c,n,b,t,?,k,k,p,w,p,w,o,e,w,v,p,p
254,f,y,y,f,f,f,c,b,g,e,b,k,k,p,p,p,w,o,l,h,v,p,p
255,x,y,y,f,f,f,c,b,g,e,b,k,k,b,n,p,w,o,l,h,v,p,p
256,k,s,e,f,s,f,c,n,b,t,?,s,s,p,w,p,w,o,e,w,v,d,p
257,f,s,g,f,n,f,w,b,k,t,e,f,s,w,w,p,w,o,e,n,a,g,e
258,f,f,e,t,n,f,c,b,p,t,b,s,s,w,w,p,w,o,p,k,y,d,e
259,x,y,g,t,n,f,c,b,w,e,b,s,s,w,w,p,w,t,p,w,v,p,e
260,f,s,g,t,f,f,c,b,p,t,b,s,f,w,w,p,w,o,p,h,v,u,p
261,x,s,n,f,n,f,w,b,k,t,e,f,f,w,w,p,w,o,e,n,s,g,e
262,x,f,g,f,n,f,w,b,g,e,?,k,s,w,w,p,w,t,p,w,n,g,e
263,f,y,g,f,f,f,c,b,g,e,b,k,k,b,b,p,w,o,l,h,y,g,p
264,k,y,n,t,n,f,c,b,e,e,?,s,s,w,w,p,w,t,e,w,c,w,e
265,x,s,w,f,n,f,w,b,g,e,?,s,s,w,w,p,w,t,p,w,s,g,e
266,x,f,y,f,f,f,c,b,h,e,b,k,k,b,b,p,w,o,l,h,y,g,p
267,x,s,w,t,f,f,c,b,p,t,b,f,f,w,w,p,w,o,p,h,s,u,p
268,x,y,y,f,f,f,c,b,h,e,b,k,k,n,p,p,w,o,l,h,y,g,p
269,f,f,g,f,n,f,w,b,h,t,e,s,f,w,w,p,w,o,e,n,s,g,e
270,x,s,n,f,y,f,c,n,b,t,?,s,k,w,p,p,w,o,e,w,v,d,p
271,f,y,b,t,n,f,c,b,w,e,b,s,s,w,w,p,w,t,p,r,v,m,p
272,f,y,y,f,f,f,c,b,h,e,b,k,k,n,p,p,w,o,l,h,v,g,p
273,x,f,g,f,f,f,c,b,h,e,b,k,k,b,n,p,w,o,l,h,y,d,p
274,x,y,y,f,f,f,c,b,h,e,b,k,k,p,n,p,w,o,l,h,v,p,p
275,x,s,w,t,p,f,c,n,n,e,e,s,s,w,w,p,w,o,p,k,s,g,p
276,x,y,y,t,l,f,c,b,g,e,c,s,s,w,w,p,w,o,p,n,n,g,e
277,x,y,g,t,n,f,c,b,w,t,b,s,s,g,p,p,w,o,p,k,v,d,e
278,x,y,y,t,a,f,c,b,n,e,r,s,y,w,w,p,w,o,p,k,s,g,e
279,f,s,n,t,p,f,c,n,n,e,e,s,s,w,w,p,w,o,p,k,v,g,p
280,k,y,n,f,s,f,c,n,b,t,?,k,s,p,p,p,w,o,e,w,v,p,p
281,x,s,w,f,n,f,w,b,p,e,?,k,s,w,w,p,w,t,p,w,n,g,e
282,x,s,n,f,n,f,w,b,n,t,e,f,s,w,w,p,w,o,e,n,a,g,e
283,f,y,y,f,f,f,c,b,p,e,b,k,k,p,n,p,w,o,l,h,v,d,p
284,f,f,e,t,n,f,c,b,u,t,b,s,s,w,w,p,w,o,p,k,y,d,e
285,f,y,y,f,f,f,c,b,g,e,b,k,k,b,b,p,w,o,l,h,v,d,p
286,f,y,e,f,m,a,c,b,y,e,c,k,y,c,c,p,w,n,n,w,c,d,p
287,f,s,n,t,p,f,c,n,n,e,e,s,s,w,w,p,w,o,p,k,v,u,p
288,b,s,n,f,n,a,c,b,o,e,?,s,s,o,o,p,o,o,p,o,v,l,e
289,f,f,c,f,n,f,w,n,w,e,b,s,f,w,n,p,w,o,e,w,v,l,e
290,f,s,e,f,s,f,c,n,b,t,?,k,k,p,p,p,w,o,e,w,v,p,p
291,x,s,b,t,n,f,c,b,e,e,?,s,s,e,e,p,w,t,e,w,c,w,e
292,x,f,e,t,n,f,c,b,n,t,b,s,s,g,p,p,w,o,p,k,v,d,e
293,f,f,y,f,f,f,c,b,p,e,b,k,k,n,p,p,w,o,l,h,v,g,p
294,f,y,e,t,n,f,c,b,u,t,b,s,s,w,g,p,w,o,p,n,y,d,e
295,x,s,p,t,n,f,c,b,e,e,?,s,s,w,w,p,w,t,e,w,c,w,e
296,x,s,w,f,n,f,w,b,g,e,?,k,s,w,w,p,w,t,p,w,s,g,e
297,f,f,n,t,n,f,c,b,u,t,b,s,s,w,p,p,w,o,p,k,v,d,e
298,x,y,g,f,f,f,c,b,p,e,b,k,k,b,n,p,w,o,l,h,v,g,p
299,x,s,y,t,a,f,c,b,n,e,c,s,s,w,w,p,w,o,p,k,s,m,e
300,x,f,g,f,c,f,c,n,u,e,b,s,s,w,w,p,w,o,p,n,s,d,p
301,x,s,w,t,f,f,c,b,h,t,b,f,f,w,w,p,w,o,p,h,v,g,p
302,f,f,g,f,f,f,c,b,h,e,b,k,k,n,n,p,w,o,l,h,y,p,p
303,f,y,e,f,f,f,c,n,b,t,?,s,k,p,w,p,w,o,e,w,v,l,p
304,f,y,e,f,f,f,c,n,b,t,?,s,s,w,p,p,w,o,e,w,v,l,p
305,f,y,g,f,f,f,c,b,g,e,b,k,k,p,b,p,w,o,l,h,y,g,p
306,f,s,n,f,y,f,c,n,b,t,?,s,s,w,p,p,w,o,e,w,v,d,p
307,x,s,b,t,f,f,c,b,w,t,b,s,f,w,w,p,w,o,p,h,s,g,p
308,f,f,y,t,l,f,w,n,p,t,b,s,s,w,w,p,w,o,p,n,v,d,e
309,x,s,g,f,n,f,w,b,h,t,e,s,f,w,w,p,w,o,e,k,s,g,e
310,b,f,w,f,n,f,w,b,w,e,?,s,k,w,w,p,w,t,p,w,n,g,e
311,f,s,g,f,n,f,w,b,p,t,e,s,s,w,w,p,w,o,e,n,s,g,e
312,k,s,e,f,y,f,c,n,b,t,?,k,s,w,p,p,w,o,e,w,v,p,p
313,x,f,w,f,n,f,w,b,w,e,?,k,k,w,w,p,w,t,p,w,s,g,e
314,x,s,g,f,c,f,c,n,n,e,b,s,s,w,w,p,w,o,p,n,v,d,p
315,f,f,n,f,n,f,w,b,n,t,e,s,s,w,w,p,w,o,e,k,a,g,e
316,x,s,y,t,a,f,c,b,k,e,c,s,s,w,w,p,w,o,p,k,n,m,e
317,x,f,g,f,f,f,c,b,h,e,b,k,k,p,b,p,w,o,l,h,y,g,p
318,x,y,e,t,n,f,c,b,p,t,b,s,s,p,p,p,w,o,p,k,v,d,e
319,x,s,g,f,c,f,c,n,n,e,b,s,s,w,w,p,w,o,p,k,v,d,p
320,x,f,g,f,f,f,c,b,g,e,b,k,k,n,b,p,w,o,l,h,y,g,p
321,k,y,e,f,s,f,c,n,b,t,?,s,k,w,w,p,w,o,e,w,v,p,p
322,x,f,g,t,n,f,c,b,p,t,b,s,s,w,w,p,w,o,p,n,v,d,e
323,x,f,y,f,f,f,c,b,p,e,b,k,k,n,b,p,w,o,l,h,y,d,p
324,f,f,n,f,n,f,w,b,k,t,e,f,s,w,w,p,w,o,e,k,a,g,e
325,f,s,w,t,f,f,c,b,p,t,b,s,s,w,w,p,w,o,p,h,s,u,p
326,x,y,y,t,a,f,c,b,w,e,c,s,s,w,w,p,w,o,p,k,n,m,e
327,x,s,w,f,n,f,w,b,h,t,e,f,f,w,w,p,w,o,e,n,a,g,e
328,f,f,n,t,n,f,c,b,u,t,b,s,s,w,g,p,w,o,p,n,v,d,e
329,k,s,n,f,f,f,c,n,b,t,?,s,k,w,w,p,w,o,e,w,v,p,p
330,f,s,n,f,y,f,c,n,b,t,?,k,k,p,w,p,w,o,e,w,v,l,p
331,f,s,p,t,n,f,c,b,e,e,?,s,s,w,w,p,w,t,e,w,c,w,e
332,b,s,w,t,n,f,c,b,w,e,b,s,s,w,w,p,w,t,p,r,v,m,p
333,x,s,y,t,l,f,c,b,w,e,c,s,s,w,w,p,w,o,p,k,n,g,e
334,x,s,w,t,f,f,c,b,p,t,b,s,s,w,w,p,w,o,p,h,s,g,p
335,f,y,y,t,l,f,c,b,p,e,r,s,y,w,w,p,w,o,p,k,s,g,e
336,x,y,n,f,y,f,c,n,b,t,?,s,s,w,w,p,w,o,e,w,v,l,p
337,x,y,y,f,f,f,c,b,g,e,b,k,k,p,p,p,w,o,l,h,y,d,p
338,x,f,e,t,n,f,c,b,w,t,b,s,s,p,p,p,w,o,p,n,y,d,e
339,x,f,n,t,n,f,c,b,n,t,b,s,s,p,p,p,w,o,p,n,v,d,e
340,f,y,y,f,f,f,c,b,p,e,b,k,k,p,n,p,w,o,l,h,y,d,p
341,x,s,e,f,s,f,c,n,b,t,?,k,k,w,p,p,w,o,e,w,v,d,p
342,k,s,n,f,n,a,c,b,y,e,?,s,s,o,o,p,n,o,p,y,c,l,e
343,f,f,g,f,n,f,w,b,n,t,e,s,f,w,w,p,w,o,e,n,a,g,e
344,k,s,e,f,f,f,c,n,b,t,?,s,s,p,p,p,w,o,e,w,v,l,p
345,x,y,n,f,y,f,c,n,b,t,?,k,k,w,w,p,w,o,e,w,v,l,p
346,k,s,n,f,n,a,c,b,o,e,?,s,s,o,o,p,n,o,p,n,c,l,e
347,x,y,w,t,a,f,c,b,k,e,c,s,s,w,w,p,w,o,p,n,s,g,e
348,x,s,g,f,n,f,w,b,k,t,e,s,s,w,w,p,w,o,e,n,a,g,e
349,x,y,n,t,l,f,c,b,n,e,r,s,y,w,w,p,w,o,p,k,y,g,e
350,k,s,n,f,y,f,c,n,b,t,?,k,s,w,p,p,w,o,e,w,v,p,p
351,x,f,e,t,n,f,c,b,w,t,b,s,s,p,w,p,w,o,p,k,v,d,e
352,x,f,w,f,n,f,w,b,g,e,?,s,s,w,w,p,w,t,p,w,n,g,e
353,f,s,n,f,f,f,c,n,b,t,?,s,s,w,p,p,w,o,e,w,v,l,p
354,x,f,g,f,f,f,c,b,p,e,b,k,k,p,b,p,w,o,l,h,v,p,p
355,f,s,w,t,a,f,w,n,w,t,b,s,s,w,w,p,w,o,p,n,v,d,e
356,k,f,w,f,n,f,w,b,w,e,?,k,s,w,w,p,w,t,p,w,n,g,e
357,f,s,b,t,f,f,c,b,p,t,b,f,s,w,w,p,w,o,p,h,v,u,p
358,b,f,w,f,n,f,w,b,p,e,?,k,s,w,w,p,w,t,p,w,s,g,e
359,b,y,y,t,a,f,c,b,k,e,c,s,s,w,w,p,w,o,p,k,n,m,e
360,b,y,y,f,n,f,c,n,w,e,?,k,y,w,y,p,w,o,e,w,v,d,p
361,x,y,w,t,l,f,c,b,k,e,c,s,s,w,w,p,w,o,p,k,n,m,e
362,f,s,n,f,n,f,w,b,h,t,e,s,f,w,w,p,w,o,e,k,a,g,e
363,x,y,e,t,n,f,c,b,n,t,b,s,s,w,p,p,w,o,p,n,v,d,e
364,k,y,e,f,s,f,c,n,b,t,?,s,s,p,w,p,w,o,e,w,v,p,p
365,f,y,e,f,y,f,c,n,b,t,?,k,k,w,w,p,w,o,e,w,v,d,p
366,x,f,y,f,f,f,c,b,g,e,b,k,k,n,n,p,w,o,l,h,y,d,p
367,f,s,w,t,f,f,c,b,w,t,b,s,f,w,w,p,w,o,p,h,s,u,p
368,x,y,n,t,p,f,c,n,p,e,e,s,s,w,w,p,w,o,p,k,v,u,p
369,f,s,w,f,n,f,w,b,h,t,e,f,s,w,w,p,w,o,e,n,a,g,e
370,k,y,b,t,n,f,c,b,w,e,?,s,s,e,w,p,w,t,e,w,c,w,e
371,x,y,e,f,y,f,c,n,b,t,?,s,s,w,w,p,w,o,e,w,v,p,p
372,x,s,n,f,s,f,c,n,b,t,?,s,s,w,p,p,w,o,e,w,v,p,p
373,k,s,n,f,n,a,c,b,y,e,?,s,s,o,o,p,o,o,p,b,c,l,e
374,f,y,g,f,f,f,c,b,h,e,b,k,k,p,n,p,w,o,l,h,v,d,p
375,x,f,y,f,f,f,c,b,g,e,b,k,k,b,n,p,w,o,l,h,y,g,p
376,x,y,y,t,l,f,c,b,p,e,r,s,y,w,w,p,w,o,p,n,s,p,e
377,b,s,n,f,n,a,c,b,o,e,?,s,s,o,o,p,n,o,p,n,c,l,e
378,f,y,e,t,n,f,c,b,n,t,b,s,s,p,w,p,w,o,p,n,y,d,e
379,f,f,n,f,n,f,w,b,p,t,e,f,s,w,w,p,w,o,e,k,s,g,e
380,x,f,g,f,n,f,w,b,h,t,e,s,s,w,w,p,w,o,e,k,s,g,e
381,x,f,g,f,f,f,c,b,h,e,b,k,k,b,n,p,w,o,l,h,y,p,p
382,f,y,n,f,y,f,c,n,b,t,?,k,s,p,w,p,w,o,e,w,v,l,p
383,f,s,e,f,f,f,c,n,b,t,?,s,k,w,w,p,w,o,e,w,v,p,p
384,f,s,e,f,y,f,c,n,b,t,?,k,s,p,p,p,w,o,e,w,v,l,p
385,f,s,n,f,f,f,c,n,b,t,?,s,s,w,w,p,w,o,e,w,v,d,p
386,f,s,n,f,n,f,c,b,w,e,b,y,y,n,n,p,w,t,p,w,y,d,e
387,b,f,g,f,n,f,w,b,g,e,?,k,s,w,w,p,w,t,p,w,n,g,e
388,k,s,e,f,f,f,c,n,b,t,?,s,s,w,p,p,w,o,e,w,v,l,p
389,x,f,g,f,n,f,w,b,p,t,e,s,f,w,w,p,w,o,e,n,s,g,e
390,x,s,g,t,f,f,c,b,p,t,b,f,s,w,w,p,w,o,p,h,v,g,p
391,f,f,g,t,n,f,c,b,n,t,b,s,s,w,p,p,w,o,p,n,y,d,e
392,k,s,n,f,f,f,c,n,b,t,?,s,s,w,w,p,w,o,e,w,v,l,p
393,f,f,e,t,n,f,c,b,w,t,b,s,s,w,w,p,w,o,p,k,v,d,e
394,x,s,w,f,n,f,w,b,h,t,e,f,s,w,w,p,w,o,e,k,a,g,e
395,k,y,e,f,y,f,c,n,b,t,?,k,k,p,w,p,w,o,e,w,v,d,p
396,x,s,e,f,f,f,c,n,b,t,?,k,s,w,p,p,w,o,e,w,v,p,p
397,x,s,n,f,n,f,w,b,h,t,e,s,s,w,w,p,w,o,e,n,s,g,e
398,b,s,g,f,n,f,w,b,w,e,?,s,k,w,w,p,w,t,p,w,n,g,e
399,f,s,g,t,f,f,c,b,w,t,b,s,f,w,w,p,w,o,p,h,v,u,p
400,f,s,n,f,f,f,c,n,b,t,?,s,s,w,w,p,w,o,e,w,v,l,p
401,f,y,n,t,n,f,c,b,w,t,b,s,s,g,p,p,w,o,p,n,v,d,e
402,k,y,n,f,y,f,c,n,b,t,?,k,s,p,p,p,w,o,e,w,v,d,p
403,x,y,y,f,f,f,c,b,g,e,b,k,k,b,p,p,w,o,l,h,y,d,p
404,x,y,y,f,f,f,c,b,g,e,b,k,k,p,n,p,w,o,l,h,y,p,p
405,f,y,g,f,f,f,c,b,g,e,b,k,k,p,n,p,w,o,l,h,y,g,p
406,x,s,p,f,c,f,w,n,p,e,b,s,s,w,w,p,w,o,p,n,v,d,p
407,f,y,g,f,f,f,c,b,g,e,b,k,k,p,b,p,w,o,l,h,v,g,p
408,k,y,n,f,m,f,c,b,w,e,c,k,y,c,c,p,w,n,n,w,c,d,p
409,f,y,e,f,s,f,c,n,b,t,?,k,k,p,p,p,w,o,e,w,v,d,p
410,f,y,n,t,n,f,c,b,w,t,b,s,s,w,g,p,w,o,p,k,v,d,e
411,f,s,n,f,n,f,w,b,k,t,e,s,f,w,w,p,w,o,e,k,s,g,e
412,k,s,e,f,y,f,c,n,b,t,?,s,s,w,w,p,w,o,e,w,v,l,p
413,f,y,y,f,f,f,c,b,h,e,b,k,k,b,n,p,w,o,l,h,v,g,p
414,f,f,y,f,f,f,c,b,p,e,b,k,k,b,p,p,w,o,l,h,v,p,p
415,f,s,n,f,y,f,c,n,b,t,?,k,s,w,p,p,w,o,e,w,v,d,p
416,x,s,e,f,f,f,c,n,b,t,?,s,k,p,p,p,w,o,e,w,v,p,p
417,x,y,y,f,f,f,c,b,g,e,b,k,k,b,b,p,w,o,l,h,y,p,p
418,x,s,n,f,n,f,w,b,n,t,e,s,s,w,w,p,w,o,e,k,s,g,e
419,x,y,y,f,f,f,c,b,g,e,b,k,k,n,b,p,w,o,l,h,v,g,p
420,k,s,e,f,f,f,c,n,b,t,?,s,k,w,p,p,w,o,e,w,v,p,p
421,x,s,y,t,a,f,c,b,n,e,c,s,s,w,w,p,w,o,p,n,s,m,e
422,x,y,n,t,a,f,c,b,p,e,r,s,y,w,w,p,w,o,p,k,s,p,e
423,x,f,e,t,n,f,c,b,w,t,b,s,s,g,w,p,w,o,p,n,v,d,e
424,f,f,g,t,n,f,c,b,w,t,b,s,s,w,w,p,w,o,p,n,v,d,e
425,x,s,g,f,n,f,w,b,h,t,e,f,s,w,w,p,w,o,e,n,s,g,e
426,f,s,b,t,f,f,c,b,p,t,b,s,s,w,w,p,w,o,p,h,v,u,p
427,f,f,g,t,n,f,c,b,p,t,b,s,s,w,w,p,w,o,p,k,y,d,e
428,x,y,n,t,l,f,c,b,w,e,r,s,y,w,w,p,w,o,p,n,s,p,e
429,f,y,n,t,n,f,c,b,u,t,b,s,s,p,p,p,w,o,p,n,v,d,e
430,b,y,n,f,n,f,c,n,w,e,?,k,y,w,y,p,w,o,e,w,v,d,p
431,k,s,p,t,n,f,c,b,e,e,?,s,s,e,w,p,w,t,e,w,c,w,e
432,f,y,b,t,n,f,c,b,w,e,?,s,s,e,w,p,w,t,e,w,c,w,e
433,f,f,y,f,f,f,c,b,h,e,b,k,k,n,b,p,w,o,l,h,y,p,p
434,f,y,e,f,f,f,c,n,b,t,?,k,k,w,w,p,w,o,e,w,v,l,p
435,k,s,e,f,f,f,c,n,b,t,?,s,s,p,w,p,w,o,e,w,v,p,p
436,b,s,y,t,l,f,c,b,n,e,c,s,s,w,w,p,w,o,p,n,n,m,e
437,x,s,w,f,n,f,w,b,n,t,e,f,s,w,w,p,w,o,e,n,a,g,e
438,f,y,n,f,y,f,c,n,b,t,?,k,k,p,p,p,w,o,e,w,v,p,p
439,f,y,n,f,s,f,c,n,b,t,?,s,k,p,w,p,w,o,e,w,v,p,p
440,x,f,g,f,n,f,w,b,h,t,e,s,f,w,w,p,w,o,e,n,s,g,e
441,x,y,n,t,p,f,c,n,k,e,e,s,s,w,w,p,w,o,p,n,v,g,p
442,x,s,e,f,s,f,c,n,b,t,?,k,s,p,p,p,w,o,e,w,v,d,p
443,b,s,w,t,l,f,c,b,k,e,c,s,s,w,w,p,w,o,p,k,s,g,e
444,f,s,n,f,n,f,w,b,k,t,e,f,s,w,w,p,w,o,e,k,a,g,e
445,k,s,g,f,n,f,w,b,w,e,?,k,s,w,w,p,w,t,p,w,s,g,e
446,x,y,n,f,s,f,c,n,b,t,?,k,k,p,w,p,w,o,e,w,v,p,p
447,f,y,n,t,n,f,c,b,u,t,b,s,s,w,w,p,w,o,p,n,y,d,e
448,x,y,e,t,n,f,c,b,u,t,b,s,s,g,w,p,w,o,p,k,y,d,e
449,f,s,e,f,f,f,c,n,b,t,?,s,s,w,p,p,w,o,e,w,v,p,p
450,f,s,n,f,n,a,c,b,o,e,?,s,s,o,o,p,n,o,p,b,v,l,e
451,k,y,e,f,y,f,c,n,b,t,?,k,s,p,p,p,w,o,e,w,v,d,p
452,b,s,n,f,n,a,c,b,y,e,?,s,s,o,o,p,n,o,p,o,c,l,e
453,f,f,y,f,f,f,c,b,h,e,b,k,k,b,b,p,w,o,l,h,v,d,p
454,x,y,e,f,y,f,c,n,b,t,?,s,k,p,p,p,w,o,e,w,v,p,p
455,x,f,y,f,f,f,c,b,h,e,b,k,k,n,p,p,w,o,l,h,v,g,p
456,x,y,g,f,f,f,c,b,g,e,b,k,k,n,n,p,w,o,l,h,y,g,p
457,f,f,y,t,l,f,w,n,w,t,b,s,s,w,w,p,w,o,p,u,v,d,e
458,x,y,g,f,f,f,c,b,g,e,b,k,k,b,p,p,w,o,l,h,v,d,p
459,f,y,n,f,f,f,c,n,b,t,?,s,s,p,w,p,w,o,e,w,v,l,p
460,f,y,e,t,n,f,c,b,n,t,b,s,s,w,p,p,w,o,p,k,v,d,e
461,x,f,y,f,f,f,c,b,h,e,b,k,k,b,p,p,w,o,l,h,y,g,p
462,f,s,n,f,y,f,c,n,b,t,?,s,s,p,p,p,w,o,e,w,v,l,p
463,f,f,g,t,n,f,c,b,p,t,b,s,s,w,w,p,w,o,p,k,v,d,e
464,x,s,e,f,s,f,c,n,b,t,?,s,s,w,p,p,w,o,e,w,v,l,p
465,f,s,g,t,f,f,c,b,p,t,b,f,f,w,w,p,w,o,p,h,v,g,p
466,x,y,g,f,f,f,c,b,p,e,b,k,k,p,p,p,w,o,l,h,v,d,p
467,k,y,e,f,s,f,c,n,b,t,?,s,s,w,w,p,w,o,e,w,v,p,p
468,k,f,w,f,n,f,w,b,w,e,?,k,s,w,w,p,w,t,p,w,s,g,e
469,f,f,g,t,n,f,c,b,u,t,b,s,s,w,w,p,w,o,p,k,y,d,e
470,f,y,e,t,n,f,c,b,w,t,b,s,s,p,w,p,w,o,p,n,y,d,e
471,x,y,g,t,n,f,c,b,u,t,b,s,s,p,p,p,w,o,p,n,v,d,e
472,x,y,e,f,f,f,c,n,b,t,?,s,k,w,p,p,w,o,e,w,v,l,p
473,k,s,b,t,n,f,c,b,e,e,?,s,s,e,w,p,w,t,e,w,c,w,e
474,x,s,p,f,c,f,w,n,u,e,b,s,s,w,w,p,w,o,p,k,s,d,p
475,x,y,n,t,n,f,c,b,w,t,b,s,s,p,g,p,w,o,p,n,y,d,e
476,x,f,n,f,n,f,w,b,k,t,e,s,f,w,w,p,w,o,e,k,a,g,e
477,x,s,w,f,n,f,w,b,k,t,e,s,s,w,w,p,w,o,e,k,s,g,e
478,k,y,e,f,y,f,c,n,b,t,?,k,s,p,w,p,w,o,e,w,v,p,p
479,x,f,n,t,n,f,c,b,n,t,b,s,s,w,p,p,w,o,p,n,v,d,e
480,f,s,e,t,n,f,c,b,w,e,?,s,s,e,e,p,w,t,e,w,c,w,e
481,x,f,e,t,n,f,c,b,p,t,b,s,s,g,p,p,w,o,p,k,y,d,e
482,x,s,e,f,f,f,c,n,b,t,?,s,s,p,p,p,w,o,e,w,v,p,p
483,x,s,n,f,n,a,c,b,y,e,?,s,s,o,o,p,o,o,p,y,c,l,e
484,f,f,g,f,f,f,c,b,p,e,b,k,k,n,p,p,w,o,l,h,v,g,p
485,x,s,n,f,n,f,w,b,h,t,e,s,s,w,w,p,w,o,e,n,a,g,e
486,k,y,n,f,y,f,c,n,b,t,?,k,k,w,w,p,w,o,e,w,v,p,p
487,f,f,e,t,n,f,c,b,n,t,b,s,s,w,w,p,w,o,p,n,y,d,e
488,x,y,y,f,f,f,c,b,h,e,b,k,k,b,p,p,w,o,l,h,v,g,p
489,f,f,g,f,f,f,c,b,g,e,b,k,k,b,n,p,w,o,l,h,v,d,p
490,x,y,e,t,n,f,c,b,n,t,b,s,s,p,g,p,w,o,p,k,v,d,e
491,f,y,g,f,f,f,c,b,p,e,b,k,k,p,p,p,w,o,l,h,v,p,p
492,x,f,e,t,n,f,c,b,w,t,b,s,s,w,w,p,w,o,p,k,y,d,e
493,f,y,n,t,p,f,c,n,n,e,e,s,s,w,w,p,w,o,p,n,s,g,p
494,f,s,b,t,f,f,c,b,w,t,b,s,f,w,w,p,w,o,p,h,v,g,p
495,x,f,y,f,f,f,c,b,h,e,b,k,k,p,n,p,w,o,l,h,v,p,p
496,x,y,n,f,s,f,c,n,b,t,?,s,s,w,p,p,w,o,e,w,v,l,p
497,k,s,n,f,n,a,c,b,n,e,?,s,s,o,o,p,n,o,p,n,v,l,e
498,k,y,e,f,y,f,c,n,b,t,?,k,s,w,w,p,w,o,e,w,v,p,p
499,f,s,n,t,p,f,c,n,p,e,e,s,s,w,w,p,w,o,p,k,s,u,p
500,f,y,n,t,n,f,c,b,p,t,b,s,s,g,p,p,w,o,p,n,y,d,e
501,f,f,y,f,f,f,c,b,p,e,b,k,k,n,b,p,w,o,l,h,v,d,p
502,x,s,n,f,s,f,c,n,b,t,?,s,s,w,w,p,w,o,e,w,v,l,p
503,x,f,n,t,n,f,c,b,w,t,b,s,s,g,p,p,w,o,p,k,v,d,e
504,x,s,w,f,n,f,w,b,h,t,e,f,s,w,w,p,w,o,e,k,s,g,e
505,x,f,g,f,f,f,c,b,p,e,b,k,k,b,p,p,w,o,l,h,v,d,p
506,x,y,y,f,f,f,c,b,h,e,b,k,k,b,b,p,w,o,l,h,v,d,p
507,k,s,n,f,f,f,c,n,b,t,?,s,s,w,p,p,w,o,e,w,v,d,p
508,x,f,g,f,f,f,c,b,h,e,b,k,k,n,p,p,w,o,l,h,v,d,p
509,x,y,y,f,f,f,c,b,h,e,b,k,k,b,b,p,w,o,l,h,v,p,p
510,x,f,g,f,f,f,c,b,h,e,b,k,k,n,n,p,w,o,l,h,v,g,p
511,f,f,e,t,n,f,c,b,p,t,b,s,s,p,w,p,w,o,p,n,y,d,e
512,x,f,e,t,n,f,c,b,p,t,b,s,s,p,w,p,w,o,p,n,y,d,e
513,x,s,g,f,n,f,w,b,k,t,e,f,s,w,w,p,w,o,e,n,a,g,e
514,f,y,g,t,n,f,c,b,w,t,b,s,s,w,p,p,w,o,p,n,v,d,e
515,x,y,p,t,n,f,c,b,e,e,?,s,s,e,e,p,w,t,e,w,c,w,e
516,x,y,n,t,n,f,c,b,p,t,b,s,s,p,w,p,w,o,p,n,v,d,e
517,x,s,w,t,p,f,c,n,k,e,e,s,s,w,w,p,w,o,p,n,v,g,p
518,x,y,y,f,f,f,c,b,h,e,b,k,k,p,b,p,w,o,l,h,v,g,p
519,x,y,y,t,l,f,c,b,w,e,c,s,s,w,w,p,w,o,p,k,s,g,e
520,x,f,g,t,n,f,c,b,w,t,b,s,s,g,w,p,w,o,p,k,y,d,e
521,x,y,e,f,y,f,c,n,b,t,?,k,k,p,w,p,w,o,e,w,v,l,p
522,x,s,w,t,f,f,c,b,h,t,b,s,f,w,w,p,w,o,p,h,v,u,p
523,f,y,e,t,n,f,c,b,u,t,b,s,s,w,g,p,w,o,p,k,v,d,e
524,x,s,g,f,n,f,w,b,p,t,e,f,s,w,w,p,w,o,e,k,s,g,e
525,k,s,n,f,s,f,c,n,b,t,?,s,s,w,w,p,w,o,e,w,v,d,p
526,k,y,n,f,s,f,c,n,b,t,?,s,k,p,p,p,w,o,e,w,v,d,p
527,x,y,g,t,n,f,c,b,u,t,b,s,s,g,w,p,w,o,p,n,v,d,e
528,f,y,y,f,f,f,c,b,h,e,b,k,k,b,n,p,w,o,l,h,v,p,p
529,k,y,e,f,y,f,c,n,b,t,?,k,k,p,p,p,w,o,e,w,v,d,p
530,x,y,e,t,n,f,c,b,n,t,b,s,s,p,p,p,w,o,p,k,v,d,e
531,x,f,g,f,f,f,c,b,h,e,b,k,k,p,b,p,w,o,l,h,y,p,p
532,x,y,n,t,n,f,c,b,w,t,b,s,s,w,w,p,w,o,p,k,y,d,e
533,x,f,n,t,n,f,c,b,p,t,b,s,s,g,g,p,w,o,p,n,y,d,e
534,k,s,e,f,y,f,c,n,b,t,?,k,s,w,w,p,w,o,e,w,v,l,p
535,x,y,g,t,n,f,c,b,w,t,b,s,s,w,w,p,w,o,p,n,y,d,e
536,f,y,e,t,n,f,c,b,w,t,b,s,s,g,g,p,w,o,p,k,y,d,e
537,f,f,e,t,n,f,c,b,n,t,b,s,s,g,g,p,w,o,p,k,y,d,e
538,f,s,e,f,f,f,c,n,b,t,?,k,s,p,p,p,w,o,e,w,v,p,p
539,x,y,p,t,n,f,c,b,e,e,?,s,s,w,e,p,w,t,e,w,c,w,e
540,f,y,g,f,f,f,c,b,p,e,b,k,k,n,p,p,w,o,l,h,v,d,p
541,k,s,n,f,n,a,c,b,y,e,?,s,s,o,o,p,n,o,p,n,c,l,e
542,f,s,n,f,f,f,c,n,b,t,?,s,s,w,p,p,w,o,e,w,v,d,p
543,f,y,n,f,s,f,c,n,b,t,?,s,s,w,w,p,w,o,e,w,v,p,p
544,f,y,g,f,f,f,c,b,h,e,b,k,k,p,p,p,w,o,l,h,y,p,p
545,x,s,y,t,l,f,w,n,p,t,b,s,s,w,w,p,w,o,p,n,v,d,e
546,k,s,e,f,s,f,c,n,b,t,?,s,k,p,w,p,w,o,e,w,v,l,p
547,f,s,n,f,n,a,c,b,o,e,?,s,s,o,o,p,o,o,p,n,c,l,e
548,x,f,y,f,f,f,c,b,p,e,b,k,k,p,b,p,w,o,l,h,y,p,p
549,f,f,y,f,f,f,c,b,h,e,b,k,k,n,n,p,w,o,l,h,v,d,p
550,x,s,w,t,f,f,c,b,p,t,b,s,f,w,w,p,w,o,p,h,v,u,p
551,x,s,w,t,f,f,c,b,p,t,b,f,f,w,w,p,w,o,p,h,s,g,p
552,f,y,y,f,f,f,c,b,p,e,b,k,k,p,n,p,w,o,l,h,y,p,p
553,x,f,e,t,n,f,c,b,u,t,b,s,s,w,g,p,w,o,p,k,v,d,e
554,f,s,n,f,n,a,c,b,n,e,?,s,s,o,o,p,n,o,p,n,c,l,e
555,x,y,g,f,f,f,c,b,p,e,b,k,k,p,b,p,w,o,l,h,v,p,p
556,x,s,n,t,p,f,c,n,w,e,e,s,s,w,w,p,w,o,p,k,s,u,p
557,x,s,e,f,s,f,c,n,b,t,?,k,s,w,p,p,w,o,e,w,v,d,p
558,x,f,n,f,n,f,w,b,k,t,e,f,f,w,w,p,w,o,e,k,s,g,e
559,f,f,y,f,f,f,c,b,p,e,b,k,k,b,b,p,w,o,l,h,v,d,p
560,x,y,n,f,s,f,c,n,b,t,?,k,s,w,p,p,w,o,e,w,v,p,p
561,x,s,e,f,y,f,c,n,b,t,?,s,s,p,w,p,w,o,e,w,v,l,p
562,k,s,e,f,y,f,c,n,b,t,?,k,s,p,w,p,w,o,e,w,v,l,p
563,f,y,e,t,n,f,c,b,u,t,b,s,s,p,g,p,w,o,p,k,y,d,e
564,x,f,n,t,n,f,c,b,u,t,b,s,s,g,g,p,w,o,p,k,v,d,e
565,x,y,e,f,s,f,c,n,b,t,?,k,k,p,w,p,w,o,e,w,v,p,p
566,x,s,y,t,a,f,c,b,g,e,c,s,s,w,w,p,w,o,p,k,n,m,e
567,b,s,g,f,n,f,w,b,w,e,?,k,s,w,w,p,w,t,p,w,n,g,e
568,x,f,g,f,f,f,c,b,h,e,b,k,k,n,n,p,w,o,l,h,y,p,p
569,x,y,e,f,y,f,c,n,b,t,?,s,k,p,w,p,w,o,e,w,v,d,p
570,k,s,w,f,n,f,w,b,w,e,?,s,k,w,w,p,w,t,p,w,n,g,e
571,k,s,e,f,y,f,c,n,b,t,?,k,k,w,w,p,w,o,e,w,v,d,p
572,x,y,p,t,n,f,c,b,e,e,?,s,s,e,w,p,w,t,e,w,c,w,e
573,f,f,y,f,f,f,c,b,g,e,b,k,k,n,p,p,w,o,l,h,v,d,p
574,b,s,n,f,n,a,c,b,n,e,?,s,s,o,o,p,n,o,p,n,v,l,e
575,x,s,e,f,y,f,c,n,b,t,?,s,s,p,w,p,w,o,e,w,v,p,p
576,k,s,n,f,y,f,c,n,b,t,?,s,s,p,p,p,w,o,e,w,v,d,p
577,f,f,g,f,f,f,c,b,p,e,b,k,k,b,b,p,w,o,l,h,y,g,p
578,x,s,b,t,f,f,c,b,w,t,b,s,s,w,w,p,w,o,p,h,v,g,p
579,x,y,y,f,f,f,c,b,h,e,b,k,k,p,n,p,w,o,l,h,y,g,p
580,x,f,y,f,f,f,c,b,h,e,b,k,k,n,p,p,w,o,l,h,y,p,p
581,f,f,e,t,n,f,c,b,n,t,b,s,s,p,g,p,w,o,p,n,v,d,e
582,x,s,e,f,y,f,c,n,b,t,?,k,s,p,w,p,w,o,e,w,v,l,p
583,x,y,y,f,f,f,c,b,h,e,b,k,k,b,p,p,w,o,l,h,v,p,p
584,x,f,g,f,n,f,w,b,k,t,e,f,s,w,w,p,w,o,e,n,a,g,e
585,x,s,w,t,a,f,c,b,k,e,c,s,s,w,w,p,w,o,p,n,s,m,e
586,x,s,e,f,y,f,c,n,b,t,?,s,s,w,w,p,w,o,e,w,v,l,p
587,x,s,g,f,c,f,c,n,g,e,b,s,s,w,w,p,w,o,p,k,v,d,p
588,x,y,y,f,f,f,c,b,g,e,b,k,k,b,b,p,w,o,l,h,v,p,p
589,x,y,g,f,f,f,c,b,g,e,b,k,k,p,n,p,w,o,l,h,v,g,p
590,f,f,g,t,n,f,c,b,w,t,b,s,s,g,w,p,w,o,p,k,y,d,e
591,x,f,p,f,c,f,c,n,n,e,b,s,s,w,w,p,w,o,p,k,s,d,p
592,f,y,e,t,n,f,c,b,w,e,?,s,s,w,e,p,w,t,e,w,c,w,e
593,f,y,g,t,n,f,c,b,w,t,b,s,s,w,w,p,w,o,p,n,v,d,e
594,x,f,w,t,l,f,w,n,w,t,b,s,s,w,w,p,w,o,p,n,v,d,e
595,f,f,n,t,n,f,c,b,u,t,b,s,s,w,p,p,w,o,p,k,y,d,e
596,f,y,n,f,f,f,c,n,b,t,?,s,s,w,p,p,w,o,e,w,v,l,p
597,b,y,y,f,n,f,w,n,w,e,c,y,y,y,y,p,y,o,e,w,c,l,p
598,x,s,g,t,f,f,c,b,h,t,b,s,s,w,w,p,w,o,p,h,s,g,p
599,x,f,g,f,n,f,w,b,k,t,e,s,f,w,w,p,w,o,e,k,s,g,e
600,f,f,g,t,n,f,c,b,p,t,b,s,s,p,w,p,w,o,p,n,y,d,e
601,f,f,g,f,n,f,w,b,k,t,e,f,f,w,w,p,w,o,e,n,a,g,e
602,f,y,c,f,n,f,w,n,w,e,b,s,f,w,n,p,w,o,e,w,v,l,e
603,f,y,e,t,n,f,c,b,n,t,b,s,s,p,p,p,w,o,p,n,v,d,e
604,x,y,e,t,n,f,c,b,n,t,b,s,s,g,w,p,w,o,p,k,y,d,e
605,f,f,g,f,f,f,c,b,g,e,b,k,k,n,b,p,w,o,l,h,v,g,p
606,x,f,e,t,n,f,c,b,u,t,b,s,s,w,g,p,w,o,p,n,y,d,e
607,k,s,e,f,s,f,c,n,b,t,?,k,s,w,w,p,w,o,e,w,v,d,p
608,x,f,g,f,n,f,w,b,n,t,e,f,s,w,w,p,w,o,e,k,a,g,e
609,f,y,y,f,f,f,c,b,g,e,b,k,k,b,p,p,w,o,l,h,y,g,p
610,x,y,g,t,n,f,c,b,p,t,b,s,s,p,g,p,w,o,p,k,y,d,e
611,x,f,g,f,f,f,c,b,g,e,b,k,k,p,p,p,w,o,l,h,y,g,p
612,k,y,e,f,s,f,c,n,b,t,?,k,s,w,w,p,w,o,e,w,v,p,p
613,x,s,g,f,n,f,w,b,n,t,e,f,s,w,w,p,w,o,e,n,s,g,e
614,x,s,w,f,n,f,w,b,n,t,e,s,f,w,w,p,w,o,e,k,s,g,e
615,b,s,n,f,n,a,c,b,n,e,?,s,s,o,o,p,n,o,p,b,c,l,e
616,f,f,g,f,f,f,c,b,p,e,b,k,k,p,b,p,w,o,l,h,y,p,p
617,f,f,y,f,f,f,c,b,p,e,b,k,k,b,b,p,w,o,l,h,v,g,p
618,b,s,g,f,n,f,w,b,p,e,?,k,k,w,w,p,w,t,p,w,n,g,e
619,x,y,g,f,f,f,c,b,g,e,b,k,k,b,p,p,w,o,l,h,y,d,p
620,k,s,e,t,n,f,c,b,e,e,?,s,s,e,w,p,w,t,e,w,c,w,e
621,k,f,w,f,n,f,w,b,p,e,?,k,k,w,w,p,w,t,p,w,s,g,e
622,x,f,g,t,n,f,c,b,n,t,b,s,s,g,w,p,w,o,p,k,y,d,e
623,x,f,w,f,n,f,w,b,n,t,e,f,f,w,w,p,w,o,e,n,s,g,e
624,f,y,n,t,n,f,c,b,p,t,b,s,s,p,p,p,w,o,p,n,v,d,e
625,f,s,n,f,f,f,c,n,b,t,?,s,k,w,w,p,w,o,e,w,v,p,p
626,f,y,e,f,s,f,c,n,b,t,?,s,s,p,w,p,w,o,e,w,v,d,p
627,f,s,e,f,s,f,c,n,b,t,?,k,k,w,p,p,w,o,e,w,v,p,p
628,k,s,e,f,y,f,c,n,b,t,?,s,s,p,w,p,w,o,e,w,v,p,p
629,x,s,w,t,f,f,c,b,p,t,b,s,f,w,w,p,w,o,p,h,v,g,p
630,f,s,n,f,n,a,c,b,y,e,?,s,s,o,o,p,n,o,p,b,c,l,e
631,x,y,g,f,f,f,c,b,h,e,b,k,k,p,b,p,w,o,l,h,v,g,p
632,x,f,y,t,l,f,w,n,w,t,b,s,s,w,w,p,w,o,p,u,v,d,e
633,f,f,g,t,n,f,c,b,p,t,b,s,s,g,g,p,w,o,p,k,y,d,e
634,x,y,y,t,l,f,c,b,g,e,c,s,s,w,w,p,w,o,p,n,s,m,e
635,x,f,y,f,f,f,c,b,p,e,b,k,k,b,p,p,w,o,l,h,y,d,p
636,f,y,e,t,n,f,c,b,u,t,b,s,s,g,w,p,w,o,p,k,v,d,e
637,x,y,g,t,n,f,c,b,w,t,b,s,s,g,w,p,w,o,p,k,y,d,e
638,x,s,w,f,c,f,w,n,u,e,b,s,s,w,w,p,w,o,p,n,v,d,p
639,x,f,g,t,n,f,c,b,n,t,b,s,s,g,g,p,w,o,p,k,y,d,e
640,f,y,e,f,f,f,c,n,b,t,?,k,k,p,w,p,w,o,e,w,v,l,p
641,x,f,w,f,c,f,c,n,u,e,b,s,s,w,w,p,w,o,p,k,v,d,p
642,b,s,y,t,a,f,c,b,n,e,c,s,s,w,w,p,w,o,p,n,n,m,e
643,f,f,n,t,n,f,c,b,w,t,b,s,s,g,p,p,w,o,p,n,y,d,e
644,f,y,y,f,f,f,c,b,p,e,b,k,k,n,b,p,w,o,l,h,v,g,p
645,x,f,g,t,n,f,c,b,u,t,b,s,s,w,p,p,w,o,p,n,v,d,e
646,f,f,n,f,n,f,w,b,k,t,e,s,f,w,w,p,w,o,e,n,s,g,e
647,k,s,e,t,n,f,c,b,w,e,?,s,s,w,e,p,w,t,e,w,c,w,e
648,x,s,g,f,n,f,w,b,p,t,e,s,f,w,w,p,w,o,e,n,a,g,e
649,f,y,y,f,f,f,c,b,g,e,b,k,k,n,p,p,w,o,l,h,y,g,p
650,x,f,y,f,f,f,c,b,h,e,b,k,k,b,n,p,w,o,l,h,v,p,p
651,f,y,n,t,n,f,c,b,w,t,b,s,s,g,p,p,w,o,p,k,y,d,e
652,f,y,e,f,f,f,c,n,b,t,?,s,k,w,w,p,w,o,e,w,v,d,p
653,b,f,g,f,n,f,w,b,p,e,?,k,s,w,w,p,w,t,p,w,s,g,e
654,x,f,g,f,f,f,c,b,p,e,b,k,k,n,p,p,w,o,l,h,v,d,p
655,x,s,p,f,c,f,w,n,p,e,b,s,s,w,w,p,w,o,p,n,s,d,p
656,x,s,y,t,l,f,c,b,w,e,c,s,s,w,w,p,w,o,p,k,s,g,e
657,f,y,y,f,f,f,c,b,h,e,b,k,k,b,p,p,w,o,l,h,v,d,p
658,f,f,g,f,n,f,w,b,k,t,e,s,f,w,w,p,w,o,e,n,s,g,e
659,f,y,e,t,n,f,c,b,n,t,b,s,s,w,p,p,w,o,p,k,y,d,e
660,x,y,g,f,f,f,c,b,h,e,b,k,k,n,n,p,w,o,l,h,v,d,p
661,x,f,n,t,n,f,c,b,w,t,b,s,s,p,g,p,w,o,p,k,v,d,e
662,k,y,c,f,m,f,c,b,w,e,c,k,y,c,c,p,w,n,n,w,c,d,p
663,x,y,e,t,n,f,c,b,w,t,b,s,s,w,w,p,w,o,p,k,y,d,e
664,x,y,n,t,n,f,c,b,w,t,b,s,s,w,g,p,w,o,p,k,v,d,e
665,x,y,n,t,a,f,c,b,w,e,r,s,y,w,w,p,w,o,p,n,s,g,e
666,x,f,e,t,n,f,c,b,w,t,b,s,s,g,g,p,w,o,p,n,y,d,e
667,f,y,n,f,s,f,c,n,b,t,?,k,s,w,p,p,w,o,e,w,v,p,p
668,x,y,e,f,f,f,c,n,b,t,?,s,s,p,p,p,w,o,e,w,v,d,p
669,f,f,n,f,n,f,w,n,w,e,b,s,f,w,n,p,w,o,e,w,v,l,e
670,f,s,g,f,n,f,w,b,k,t,e,f,f,w,w,p,w,o,e,k,s,g,e
671,f,f,g,t,n,f,c,b,w,t,b,s,s,w,g,p,w,o,p,k,v,d,e
672,k,y,n,f,y,f,c,n,b,t,?,k,s,w,w,p,w,o,e,w,v,p,p
673,f,s,n,f,f,f,c,n,b,t,?,k,s,w,w,p,w,o,e,w,v,p,p
674,f,y,n,f,y,f,c,n,b,t,?,k,s,w,w,p,w,o,e,w,v,p,p
675,x,y,e,t,n,f,c,b,w,e,?,s,s,e,w,p,w,t,e,w,c,w,e
676,b,y,y,t,a,f,c,b,n,e,c,s,s,w,w,p,w,o,p,n,n,g,e
677,x,f,g,f,c,f,w,n,n,e,b,s,s,w,w,p,w,o,p,k,v,d,p
678,f,y,y,f,f,f,c,b,g,e,b,k,k,n,n,p,w,o,l,h,y,g,p
679,x,y,w,t,l,f,c,b,w,e,c,s,s,w,w,p,w,o,p,k,s,m,e
680,x,f,e,t,n,f,c,b,w,t,b,s,s,w,w,p,w,o,p,n,y,d,e
681,x,y,e,f,f,f,c,n,b,t,?,k,k,w,p,p,w,o,e,w,v,l,p
682,f,f,e,t,n,f,c,b,n,t,b,s,s,p,w,p,w,o,p,k,y,d,e
683,f,f,w,f,n,f,w,b,h,t,e,f,s,w,w,p,w,o,e,n,s,g,e
684,x,s,w,f,n,f,w,b,n,t,e,s,f,w,w,p,w,o,e,n,a,g,e
685,f,f,g,t,n,f,c,b,u,t,b,s,s,g,w,p,w,o,p,k,v,d,e
686,f,y,g,t,n,f,c,b,n,t,b,s,s,p,g,p,w,o,p,k,v,d,e
687,x,s,w,t,p,f,c,n,w,e,e,s,s,w,w,p,w,o,p,k,v,u,p
688,f,f,y,f,f,f,c,b,h,e,b,k,k,p,b,p,w,o,l,h,v,p,p
689,x,s,b,t,f,f,c,b,w,t,b,s,s,w,w,p,w,o,p,h,s,u,p
690,x,f,w,f,n,f,w,b,n,t,e,f,s,w,w,p,w,o,e,n,a,g,e
691,k,s,n,f,n,a,c,b,n,e,?,s,s,o,o,p,o,o,p,n,v,l,e
692,f,y,g,f,f,f,c,b,g,e,b,k,k,b,n,p,w,o,l,h,v,d,p
693,f,y,e,f,y,f,c,n,b,t,?,s,k,w,w,p,w,o,e,w,v,d,p
694,x,y,g,t,n,f,c,b,n,t,b,s,s,p,w,p,w,o,p,k,y,d,e
695,f,y,g,t,n,f,c,b,n,t,b,s,s,p,w,p,w,o,p,k,v,d,e
696,f,f,e,t,n,f,c,b,u,t,b,s,s,w,p,p,w,o,p,n,v,d,e
697,b,s,w,f,n,f,w,b,w,e,?,s,s,w,w,p,w,t,p,w,s,g,e
698,x,y,w,t,a,f,c,b,g,e,c,s,s,w,w,p,w,o,p,n,s,g,e
699,x,y,y,t,l,f,c,b,n,e,c,s,s,w,w,p,w,o,p,k,s,g,e
700,k,y,e,f,s,f,c,n,b,t,?,s,s,w,p,p,w,o,e,w,v,p,p
701,x,y,g,t,n,f,c,b,u,t,b,s,s,g,g,p,w,o,p,k,v,d,e
702,f,y,n,t,n,f,c,b,p,t,b,s,s,p,p,p,w,o,p,n,y,d,e
703,f,y,n,t,p,f,c,n,n,e,e,s,s,w,w,p,w,o,p,n,v,u,p
704,x,f,g,t,n,f,c,b,u,t,b,s,s,g,p,p,w,o,p,k,y,d,e
705,f,f,n,t,n,f,c,b,u,t,b,s,s,w,g,p,w,o,p,k,y,d,e
706,f,y,g,f,f,f,c,b,h,e,b,k,k,p,n,p,w,o,l,h,y,d,p
707,x,s,n,f,y,f,c,n,b,t,?,k,s,p,p,p,w,o,e,w,v,d,p
708,b,s,w,f,n,f,w,b,w,e,?,k,k,w,w,p,w,t,p,w,s,g,e
709,x,s,n,f,y,f,c,n,b,t,?,s,s,p,w,p,w,o,e,w,v,l,p
710,f,y,n,f,f,f,c,n,b,t,?,s,s,w,w,p,w,o,e,w,v,p,p
711,k,s,e,f,y,f,c,n,b,t,?,k,k,w,w,p,w,o,e,w,v,l,p
712,f,y,w,t,n,f,c,b,g,e,b,s,s,w,w,p,w,t,p,r,v,m,p
713,f,s,n,f,s,f,c,n,b,t,?,k,s,w,w,p,w,o,e,w,v,p,p
714,x,f,y,f,f,f,c,b,p,e,b,k,k,n,p,p,w,o,l,h,y,g,p
715,x,s,n,f,f,f,c,n,b,t,?,k,k,p,p,p,w,o,e,w,v,p,p
716,b,s,g,f,n,f,w,b,g,e,?,k,k,w,w,p,w,t,p,w,n,g,e
717,f,s,w,t,f,f,c,b,h,t,b,s,s,w,w,p,w,o,p,h,s,u,p
718,x,f,y,f,f,f,c,b,g,e,b,k,k,p,n,p,w,o,l,h,v,p,p
719,f,y,g,t,n,f,c,b,u,t,b,s,s,g,g,p,w,o,p,n,v,d,e
720,x,s,e,f,s,f,c,n,b,t,?,k,s,p,p,p,w,o,e,w,v,l,p
721,b,s,w,t,a,f,c,b,g,e,c,s,s,w,w,p,w,o,p,k,s,m,e
722,x,y,g,f,f,f,c,b,g,e,b,k,k,b,n,p,w,o,l,h,y,d,p
723,x,s,g,f,n,f,w,b,k,t,e,s,s,w,w,p,w,o,e,k,s,g,e
724,k,s,n,f,s,f,c,n,b,t,?,k,k,p,p,p,w,o,e,w,v,d,p
725,f,y,g,t,n,f,c,b,u,t,b,s,s,g,w,p,w,o,p,n,v,d,e
726,x,s,n,f,s,f,c,n,b,t,?,k,s,w,p,p,w,o,e,w,v,p,p
727,x,s,n,t,n,f,c,b,w,e,?,s,s,e,w,p,w,t,e,w,c,w,e
728,f,f,y,f,f,f,c,b,p,e,b,k,k,n,b,p,w,o,l,h,y,d,p
729,f,s,w,t,f,f,c,b,h,t,b,s,s,w,w,p,w,o,p,h,v,g,p
730,x,y,n,f,y,f,c,n,b,t,?,s,s,w,w,p,w,o,e,w,v,d,p
731,x,y,g,t,n,f,c,b,p,t,b,s,s,p,p,p,w,o,p,k,v,d,e
732,f,y,g,t,n,f,c,b,p,t,b,s,s,g,w,p,w,o,p,k,y,d,e
733,f,s,n,f,f,f,c,n,b,t,?,k,k,w,p,p,w,o,e,w,v,d,p
734,x,y,e,t,n,f,c,b,p,t,b,s,s,w,p,p,w,o,p,k,v,d,e
735,f,s,g,f,n,f,w,b,n,t,e,s,f,w,w,p,w,o,e,k,a,g,e
736,x,y,g,t,n,f,c,b,w,t,b,s,s,w,p,p,w,o,p,k,v,d,e
737,b,y,y,t,l,f,c,b,g,e,c,s,s,w,w,p,w,o,p,n,s,m,e
738,x,y,g,t,n,f,c,b,w,t,b,s,s,w,g,p,w,o,p,k,y,d,e
739,f,s,w,t,p,f,c,n,n,e,e,s,s,w,w,p,w,o,p,k,s,u,p
740,x,y,n,f,s,f,c,n,b,t,?,s,k,w,w,p,w,o,e,w,v,d,p
741,b,y,y,t,a,f,c,b,g,e,c,s,s,w,w,p,w,o,p,k,s,g,e
742,f,y,n,f,f,f,c,n,b,t,?,s,k,p,p,p,w,o,e,w,v,d,p
743,x,y,y,t,a,f,c,b,g,e,c,s,s,w,w,p,w,o,p,n,s,m,e
744,f,y,n,f,y,f,c,n,b,t,?,s,s,w,w,p,w,o,e,w,v,p,p
745,x,y,g,t,n,f,c,b,n,t,b,s,s,p,w,p,w,o,p,k,v,d,e
746,x,f,y,f,f,f,c,b,g,e,b,k,k,p,b,p,w,o,l,h,y,p,p
747,f,y,n,t,n,f,c,b,w,t,b,s,s,w,g,p,w,o,p,k,y,d,e
748,x,s,w,t,l,f,c,b,g,e,c,s,s,w,w,p,w,o,p,k,n,m,e
749,f,y,n,t,p,f,c,n,k,e,e,s,s,w,w,p,w,o,p,n,v,g,p
750,x,s,n,f,n,a,c,b,n,e,?,s,s,o,o,p,o,o,p,y,v,l,e
751,x,y,y,f,f,f,c,b,p,e,b,k,k,p,b,p,w,o,l,h,v,p,p
752,f,y,n,f,s,f,c,n,b,t,?,k,s,p,w,p,w,o,e,w,v,l,p
753,f,y,w,t,p,f,c,n,k,e,e,s,s,w,w,p,w,o,p,k,v,g,p
754,f,y,p,t,n,f,c,b,w,e,b,s,s,w,w,p,w,t,p,r,v,g,p
755,f,s,e,f,y,f,c,n,b,t,?,k,k,p,p,p,w,o,e,w,v,l,p
756,x,y,g,t,n,f,c,b,n,t,b,s,s,p,w,p,w,o,p,n,y,d,e
757,k,y,n,f,s,f,c,n,b,t,?,s,s,w,w,p,w,o,e,w,v,d,p
758,x,s,w,t,f,f,c,b,h,t,b,s,s,w,w,p,w,o,p,h,v,u,p
759,x,s,e,f,y,f,c,n,b,t,?,k,k,p,p,p,w,o,e,w,v,d,p
760,k,s,n,f,y,f,c,n,b,t,?,k,k,w,p,p,w,o,e,w,v,p,p
761,x,f,g,f,f,f,c,b,h,e,b,k,k,n,b,p,w,o,l,h,y,d,p
762,f,f,g,f,f,f,c,b,p,e,b,k,k,n,b,p,w,o,l,h,v,p,p
763,x,s,w,f,n,f,w,b,k,t,e,f,f,w,w,p,w,o,e,n,a,g,e
764,f,s,b,t,f,f,c,b,h,t,b,f,f,w,w,p,w,o,p,h,v,u,p
765,x,y,e,t,n,f,c,b,w,t,b,s,s,p,p,p,w,o,p,k,y,d,e
766,x,y,e,t,n,f,c,b,p,t,b,s,s,g,p,p,w,o,p,k,v,d,e
767,x,f,p,f,c,f,c,n,u,e,b,s,s,w,w,p,w,o,p,n,v,d,p
768,x,y,n,t,n,f,c,b,w,t,b,s,s,g,g,p,w,o,p,n,v,d,e
769,x,s,w,f,n,f,w,b,k,t,e,f,s,w,w,p,w,o,e,n,a,g,e
770,f,y,y,f,f,f,c,b,g,e,b,k,k,n,b,p,w,o,l,h,v,p,p
771,x,f,g,f,f,f,c,b,g,e,b,k,k,p,p,p,w,o,l,h,v,g,p
772,x,f,g,t,n,f,c,b,n,t,b,s,s,g,p,p,w,o,p,n,v,d,e
773,f,y,g,t,n,f,c,b,n,t,b,s,s,p,p,p,w,o,p,n,v,d,e
774,x,f,g,f,n,f,w,b,k,t,e,f,s,w,w,p,w,o,e,n,s,g,e
775,k,s,e,f,f,f,c,n,b,t,?,k,k,p,w,p,w,o,e,w,v,l,p
776,f,f,y,f,f,f,c,b,p,e,b,k,k,n,b,p,w,o,l,h,v,p,p
777,x,s,w,f,n,f,w,b,p,e,?,s,k,w,w,p,w,t,p,w,n,g,e
778,x,s,n,f,y,f,c,n,b,t,?,k,s,p,w,p,w,o,e,w,v,p,p
779,x,y,e,t,n,f,c,b,u,t,b,s,s,p,w,p,w,o,p,n,v,d,e
780,x,f,y,f,f,f,c,b,g,e,b,k,k,n,b,p,w,o,l,h,v,p,p
781,x,y,n,t,n,f,c,b,w,t,b,s,s,p,p,p,w,o,p,n,v,d,e
782,f,f,n,t,n,f,c,b,n,t,b,s,s,p,g,p,w,o,p,k,v,d,e
783,f,y,n,t,a,f,c,b,n,e,r,s,y,w,w,p,w,o,p,k,s,g,e
784,x,f,g,f,c,f,c,n,p,e,b,s,s,w,w,p,w,o,p,k,s,d,p
785,x,s,w,f,n,f,w,b,w,e,?,k,s,w,w,p,w,t,p,w,n,g,e
786,x,f,g,f,f,f,c,b,p,e,b,k,k,n,b,p,w,o,l,h,v,g,p
787,x,y,g,t,n,f,c,b,w,t,b,s,s,g,p,p,w,o,p,k,y,d,e
788,f,s,w,f,n,f,w,b,p,t,e,f,f,w,w,p,w,o,e,k,a,g,e
789,k,s,n,f,n,a,c,b,n,e,?,s,s,o,o,p,o,o,p,o,c,l,e
790,b,s,n,f,n,a,c,b,y,e,?,s,s,o,o,p,o,o,p,b,v,l,e
791,x,s,n,f,s,f,c,n,b,t,?,k,s,w,w,p,w,o,e,w,v,l,p
792,x,f,n,t,n,f,c,b,w,t,b,s,s,w,w,p,w,o,p,k,v,d,e
793,f,f,g,f,n,f,c,n,k,e,e,s,s,w,w,p,w,o,p,k,y,u,e
794,x,y,n,f,y,f,c,n,b,t,?,k,s,w,p,p,w,o,e,w,v,d,p
795,x,f,g,t,n,f,c,b,p,t,b,s,s,p,p,p,w,o,p,n,v,d,e
796,f,s,b,t,f,f,c,b,w,t,b,s,f,w,w,p,w,o,p,h,s,g,p
797,b,s,b,t,n,f,c,b,g,e,b,s,s,w,w,p,w,t,p,r,v,g,p
798,k,s,e,f,y,f,c,n,b,t,?,k,k,p,p,p,w,o,e,w,v,d,p
799,x,f,e,t,n,f,c,b,p,t,b,s,s,w,p,p,w,o,p,k,v,d,e
800,f,f,e,t,n,f,c,b,w,t,b,s,s,w,g,p,w,o,p,k,y,d,e
801,k,s,p,t,n,f,c,b,e,e,?,s,s,w,w,p,w,t,e,w,c,w,e
802,f,s,n,f,n,f,w,b,k,t,e,f,f,w,w,p,w,o,e,n,s,g,e
803,f,y,n,f,y,f,c,n,b,t,?,k,k,w,w,p,w,o,e,w,v,l,p
804,f,y,g,t,n,f,c,b,p,t,b,s,s,p,g,p,w,o,p,n,v,d,e
805,x,s,w,t,f,f,c,b,w,t,b,s,s,w,w,p,w,o,p,h,v,g,p
806,x,s,w,t,a,f,w,n,w,t,b,s,s,w,w,p,w,o,p,u,v,d,e
807,f,y,n,t,n,f,c,b,w,t,b,s,s,p,g,p,w,o,p,k,y,d,e
808,x,f,c,f,n,f,w,n,w,e,b,f,f,w,n,p,w,o,e,w,v,l,e
809,x,y,n,t,n,f,c,b,p,t,b,s,s,w,p,p,w,o,p,k,v,d,e
810,x,f,e,t,n,f,c,b,p,t,b,s,s,w,g,p,w,o,p,n,y,d,e
811,f,s,w,t,f,f,c,b,p,t,b,s,s,w,w,p,w,o,p,h,v,u,p
812,b,y,w,t,n,f,c,b,r,e,b,s,s,w,w,p,w,t,p,r,v,g,p
813,f,y,g,t,n,f,c,b,p,t,b,s,s,p,p,p,w,o,p,n,v,d,e
814,x,y,g,t,n,f,c,b,p,t,b,s,s,w,p,p,w,o,p,k,v,d,e
815,f,s,n,f,n,a,c,b,n,e,?,s,s,o,o,p,n,o,p,b,c,l,e
816,f,s,b,t,f,f,c,b,w,t,b,f,s,w,w,p,w,o,p,h,v,g,p
817,k,y,n,t,n,f,c,b,e,e,?,s,s,e,w,p,w,t,e,w,c,w,e
818,b,f,g,f,n,f,w,b,p,e,?,s,s,w,w,p,w,t,p,w,s,g,e
819,b,y,w,t,l,f,c,b,n,e,c,s,s,w,w,p,w,o,p,n,s,m,e
820,x,f,y,f,f,f,c,b,p,e,b,k,k,p,n,p,w,o,l,h,v,d,p
821,f,f,e,t,n,f,c,b,n,t,b,s,s,w,g,p,w,o,p,n,y,d,e
822,f,f,e,t,n,f,c,b,w,t,b,s,s,w,w,p,w,o,p,n,y,d,e
823,x,y,n,t,n,f,c,b,n,t,b,s,s,g,g,p,w,o,p,n,y,d,e
824,k,s,e,f,s,f,c,n,b,t,?,s,s,p,w,p,w,o,e,w,v,p,p
825,b,f,w,f,n,f,w,b,p,e,?,s,k,w,w,p,w,t,p,w,n,g,e
826,f,y,g,f,f,f,c,b,h,e,b,k,k,p,b,p,w,o,l,h,v,d,p
827,x,s,e,f,s,f,c,n,b,t,?,k,s,w,w,p,w,o,e,w,v,d,p
828,f,y,w,f,n,f,c,n,w,e,?,s,f,w,w,p,w,o,f,h,v,d,e
829,k,y,e,f,f,f,c,n,b,t,?,k,s,w,w,p,w,o,e,w,v,l,p
830,k,s,e,f,s,f,c,n,b,t,?,k,k,p,w,p,w,o,e,w,v,l,p
831,k,f,g,f,n,f,w,b,p,e,?,s,k,w,w,p,w,t,p,w,n,g,e
832,k,s,e,f,f,f,c,n,b,t,?,k,s,p,w,p,w,o,e,w,v,l,p
833,f,y,n,t,p,f,c,n,k,e,e,s,s,w,w,p,w,o,p,k,s,u,p
834,x,s,w,t,p,f,c,n,w,e,e,s,s,w,w,p,w,o,p,k,s,u,p
835,x,s,y,t,l,f,c,b,n,e,c,s,s,w,w,p,w,o,p,k,s,m,e
836,f,y,y,f,f,f,c,b,h,e,b,k,k,p,b,p,w,o,l,h,v,d,p
837,f,s,w,t,f,f,c,b,w,t,b,f,f,w,w,p,w,o,p,h,s,u,p
838,f,y,g,t,n,f,c,b,p,t,b,s,s,w,w,p,w,o,p,k,v,d,e
839,f,f,y,f,f,f,c,b,p,e,b,k,k,b,b,p,w,o,l,h,v,p,p
840,x,s,g,f,c,f,w,n,n,e,b,s,s,w,w,p,w,o,p,n,v,d,p
841,f,f,n,f,n,f,w,b,n,t,e,f,s,w,w,p,w,o,e,k,s,g,e
842,k,y,n,f,f,f,c,n,b,t,?,k,s,w,w,p,w,o,e,w,v,l,p
843,x,f,y,t,l,f,w,n,n,t,b,s,s,w,w,p,w,o,p,n,v,d,e
844,f,s,n,f,n,f,w,b,n,t,e,f,f,w,w,p,w,o,e,n,s,g,e
845,f,f,e,t,n,f,c,b,p,t,b,s,s,p,g,p,w,o,p,n,y,d,e
846,x,y,g,t,n,f,c,b,n,t,b,s,s,w,p,p,w,o,p,k,y,d,e
847,x,f,n,f,n,f,w,b,p,t,e,f,s,w,w,p,w,o,e,k,s,g,e
848,f,y,p,t,n,f,c,b,g,e,b,s,s,w,w,p,w,t,p,r,v,m,p
849,x,y,y,f,f,f,c,b,h,e,b,k,k,b,n,p,w,o,l,h,y,g,p
850,x,y,n,f,s,f,c,n,b,t,?,k,s,p,w,p,w,o,e,w,v,d,p
851,x,f,g,t,n,f,c,b,u,t,b,s,s,w,w,p,w,o,p,n,y,d,e
852,f,s,n,f,f,f,c,n,b,t,?,k,k,w,p,p,w,o,e,w,v,l,p
853,x,y,n,t,n,f,c,b,p,t,b,s,s,g,p,p,w,o,p,n,v,d,e
854,f,f,n,f,n,f,w,b,n,t,e,f,f,w,w,p,w,o,e,n,a,g,e
855,x,f,g,t,n,f,c,b,p,t,b,s,s,g,w,p,w,o,p,k,y,d,e
856,f,s,e,f,s,f,c,n,b,t,?,k,k,w,p,p,w,o,e,w,v,d,p
857,b,y,y,t,l,f,c,b,g,e,c,s,s,w,w,p,w,o,p,k,n,m,e
858,f,y,e,t,n,f,c,b,u,t,b,s,s,p,w,p,w,o,p,k,v,d,e
859,x,y,n,f,s,f,c,n,b,t,?,s,s,w,w,p,w,o,e,w,v,l,p
860,x,y,e,f,s,f,c,n,b,t,?,k,s,p,p,p,w,o,e,w,v,l,p
861,x,s,n,t,p,f,c,n,p,e,e,s,s,w,w,p,w,o,p,k,v,g,p
862,x,f,y,f,f,f,c,b,h,e,b,k,k,p,p,p,w,o,l,h,y,g,p
863,f,f,e,t,n,f,c,b,p,t,b,s,s,w,g,p,w,o,p,n,v,d,e
864,f,y,e,t,n,f,c,b,u,t,b,s,s,w,w,p,w,o,p,n,v,d,e
865,x,f,n,f,n,f,w,b,n,t,e,s,s,w,w,p,w,o,e,k,s,g,e
866,x,y,e,t,n,f,c,b,u,t,b,s,s,w,w,p,w,o,p,n,y,d,e
867,x,y,e,f,y,f,c,n,b,t,?,k,s,p,p,p,w,o,e,w,v,l,p
868,f,s,w,f,n,f,w,b,h,t,e,s,s,w,w,p,w,o,e,k,s,g,e
869,x,y,p,t,n,f,c,b,w,e,b,s,s,w,w,p,w,t,p,w,y,p,e
870,f,y,y,f,f,f,c,b,h,e,b,k,k,b,p,p,w,o,l,h,y,d,p
871,k,y,e,t,n,f,c,b,e,e,?,s,s,e,e,p,w,t,e,w,c,w,e
872,x,y,y,f,f,f,c,b,p,e,b,k,k,p,b,p,w,o,l,h,y,g,p
873,f,f,n,t,n,f,c,b,n,t,b,s,s,g,w,p,w,o,p,n,y,d,e
874,x,s,n,f,s,f,c,n,b,t,?,s,k,w,p,p,w,o,e,w,v,p,p
875,x,s,n,f,n,a,c,b,n,e,?,s,s,o,o,p,o,o,p,n,v,l,e
876,k,y,e,f,s,f,c,n,b,t,?,k,s,p,w,p,w,o,e,w,v,d,p
877,x,y,w,t,l,f,c,b,n,e,c,s,s,w,w,p,w,o,p,k,n,g,e
878,f,y,y,f,n,f,c,n,w,e,?,k,y,w,n,p,w,o,e,w,v,d,p
879,x,f,g,t,n,f,c,b,p,t,b,s,s,w,w,p,w,o,p,k,v,d,e
880,x,s,g,t,f,f,c,b,p,t,b,f,f,w,w,p,w,o,p,h,v,g,p
881,f,y,e,t,n,f,c,b,w,e,?,s,s,e,w,p,w,t,e,w,c,w,e
882,f,y,e,f,s,f,c,n,b,t,?,k,k,w,w,p,w,o,e,w,v,d,p
883,f,s,n,f,n,f,w,b,h,t,e,s,s,w,w,p,w,o,e,k,s,g,e
884,b,y,w,t,a,f,c,b,w,e,c,s,s,w,w,p,w,o,p,n,s,m,e
885,x,y,g,t,n,f,c,b,n,t,b,s,s,w,p,p,w,o,p,n,y,d,e
886,k,y,e,f,f,f,c,n,b,t,?,s,s,p,w,p,w,o,e,w,v,p,p
887,f,f,g,f,f,f,c,b,p,e,b,k,k,n,b,p,w,o,l,h,y,d,p
888,k,s,n,f,y,f,c,n,b,t,?,s,k,p,w,p,w,o,e,w,v,p,p
889,b,s,w,f,n,f,w,b,p,e,?,k,s,w,w,p,w,t,p,w,n,g,e
890,x,y,y,f,f,f,c,b,h,e,b,k,k,p,p,p,w,o,l,h,y,p,p
891,k,y,n,f,s,f,c,n,b,t,?,s,k,p,w,p,w,o,e,w,v,p,p
892,f,y,g,f,f,f,c,b,g,e,b,k,k,n,b,p,w,o,l,h,y,d,p
893,x,s,g,f,n,f,w,b,p,t,e,s,s,w,w,p,w,o,e,k,s,g,e
894,x,f,w,f,c,f,w,n,u,e,b,s,s,w,w,p,w,o,p,n,s,d,p
895,x,y,y,f,f,f,c,b,g,e,b,k,k,n,p,p,w,o,l,h,v,p,p
896,x,s,w,t,f,f,c,b,w,t,b,f,s,w,w,p,w,o,p,h,s,u,p
897,x,s,w,t,a,f,c,b,k,e,c,s,s,w,w,p,w,o,p,k,n,m,e
898,f,s,w,t,f,f,c,b,h,t,b,f,s,w,w,p,w,o,p,h,s,u,p
899,f,y,g,t,n,f,c,b,u,t,b,s,s,g,p,p,w,o,p,n,y,d,e
900,x,s,e,f,y,f,c,n,b,t,?,s,k,w,p,p,w,o,e,w,v,p,p
901,x,y,g,f,f,f,c,b,h,e,b,k,k,p,p,p,w,o,l,h,v,d,p
902,x,s,n,f,n,f,w,b,k,t,e,s,s,w,w,p,w,o,e,n,a,g,e
903,x,f,g,f,f,f,c,b,p,e,b,k,k,p,n,p,w,o,l,h,y,g,p
904,f,f,g,f,f,f,c,b,p,e,b,k,k,b,n,p,w,o,l,h,y,g,p
905,f,y,n,f,y,f,c,n,b,t,?,s,k,w,p,p,w,o,e,w,v,p,p
906,f,f,e,t,n,f,c,b,n,t,b,s,s,g,g,p,w,o,p,k,v,d,e
907,f,y,w,t,p,f,c,n,n,e,e,s,s,w,w,p,w,o,p,k,s,u,p
908,x,f,y,f,f,f,c,b,g,e,b,k,k,n,p,p,w,o,l,h,y,d,p
909,f,s,e,f,f,f,c,n,b,t,?,k,s,p,p,p,w,o,e,w,v,l,p
910,f,f,w,f,n,f,w,b,h,t,e,s,f,w,w,p,w,o,e,n,a,g,e
911,k,y,n,f,s,f,c,n,b,t,?,s,s,p,w,p,w,o,e,w,v,l,p
912,f,s,n,f,f,f,c,n,b,t,?,k,s,p,p,p,w,o,e,w,v,p,p
913,k,y,n,f,y,f,c,n,b,t,?,s,k,p,w,p,w,o,e,w,v,p,p
914,f,y,y,f,f,f,c,b,g,e,b,k,k,p,b,p,w,o,l,h,y,g,p
915,f,f,g,t,n,f,c,b,n,t,b,s,s,g,p,p,w,o,p,k,y,d,e
916,f,y,e,f,f,f,c,n,b,t,?,k,s,w,p,p,w,o,e,w,v,p,p
917,x,s,e,f,s,f,c,n,b,t,?,s,k,w,w,p,w,o,e,w,v,d,p
918,x,y,g,f,f,f,c,b,g,e,b,k,k,n,p,p,w,o,l,h,v,d,p
919,x,s,n,f,n,f,w,b,k,t,e,s,s,w,w,p,w,o,e,n,s,g,e
920,f,s,n,f,n,a,c,b,o,e,?,s,s,o,o,p,n,o,p,o,c,l,e
921,f,s,w,t,f,f,c,b,w,t,b,f,s,w,w,p,w,o,p,h,v,g,p
922,x,s,n,t,n,f,c,b,w,e,b,s,s,w,w,p,w,t,p,w,v,p,e
923,f,y,e,t,n,f,c,b,w,t,b,s,s,p,g,p,w,o,p,n,v,d,e
924,x,s,y,t,l,f,c,b,g,e,c,s,s,w,w,p,w,o,p,k,s,g,e
925,x,s,p,f,c,f,w,n,g,e,b,s,s,w,w,p,w,o,p,k,s,d,p
926,x,s,y,t,l,f,c,b,n,e,c,s,s,w,w,p,w,o,p,n,s,g,e
927,x,y,c,f,m,f,c,b,w,e,c,k,y,c,c,p,w,n,n,w,c,d,p
928,k,s,n,f,s,f,c,n,b,t,?,s,k,w,p,p,w,o,e,w,v,l,p
929,f,y,n,t,n,f,c,b,u,t,b,s,s,w,p,p,w,o,p,k,y,d,e
930,x,y,g,f,f,f,c,b,h,e,b,k,k,b,n,p,w,o,l,h,v,g,p
931,f,s,g,t,f,f,c,b,h,t,b,f,f,w,w,p,w,o,p,h,v,u,p
932,f,s,w,t,f,f,c,b,p,t,b,f,s,w,w,p,w,o,p,h,v,u,p
933,k,s,n,f,n,a,c,b,y,e,?,s,s,o,o,p,o,o,p,o,v,l,e
934,f,s,n,f,n,a,c,b,y,e,?,s,s,o,o,p,n,o,p,y,v,l,e
935,b,y,n,f,n,f,c,b,w,e,b,y,y,n,n,p,w,t,p,w,y,d,e
936,f,s,w,f,n,f,w,b,n,t,e,f,s,w,w,p,w,o,e,n,a,g,e
937,k,y,n,f,f,f,c,n,b,t,?,s,k,p,w,p,w,o,e,w,v,l,p
938,f,s,n,f,s,f,c,n,b,t,?,k,s,w,p,p,w,o,e,w,v,p,p
939,k,y,e,f,s,f,c,n,b,t,?,s,s,p,w,p,w,o,e,w,v,l,p
940,f,s,n,f,y,f,c,n,b,t,?,s,s,w,w,p,w,o,e,w,v,d,p
941,f,y,e,t,n,f,c,b,p,t,b,s,s,p,g,p,w,o,p,n,y,d,e
942,b,y,y,t,a,f,c,b,w,e,c,s,s,w,w,p,w,o,p,k,s,g,e
943,f,y,n,t,n,f,c,b,p,t,b,s,s,w,w,p,w,o,p,n,v,d,e
944,x,f,w,f,n,f,w,b,k,t,e,s,s,w,w,p,w,o,e,n,s,g,e
945,f,y,e,f,y,f,c,n,b,t,?,s,s,p,w,p,w,o,e,w,v,p,p
946,x,f,y,f,f,f,c,b,g,e,b,k,k,p,b,p,w,o,l,h,v,p,p
947,b,s,w,t,l,f,c,b,w,e,c,s,s,w,w,p,w,o,p,k,n,g,e
948,f,y,n,f,y,f,c,n,b,t,?,s,k,w,p,p,w,o,e,w,v,d,p
949,x,f,y,f,f,f,c,b,p,e,b,k,k,b,n,p,w,o,l,h,y,g,p
950,k,s,n,f,f,f,c,n,b,t,?,k,k,p,w,p,w,o,e,w,v,d,p
951,x,y,w,t,a,f,c,b,g,e,c,s,s,w,w,p,w,o,p,k,n,m,e
952,f,y,w,t,p,f,c,n,n,e,e,s,s,w,w,p,w,o,p,k,v,g,p
953,f,y,g,t,n,f,c,b,p,t,b,s,s,g,g,p,w,o,p,k,y,d,e
954,f,f,g,t,n,f,c,b,n,t,b,s,s,p,g,p,w,o,p,k,y,d,e
955,x,f,g,f,f,f,c,b,g,e,b,k,k,b,n,p,w,o,l,h,y,p,p
956,f,y,n,f,y,f,c,n,b,t,?,k,s,w,p,p,w,o,e,w,v,d,p
957,x,y,y,t,a,f,c,b,n,e,r,s,y,w,w,p,w,o,p,n,s,p,e
958,x,s,e,f,f,f,c,n,b,t,?,s,s,w,w,p,w,o,e,w,v,p,p
959,x,f,g,f,c,f,c,n,p,e,b,s,s,w,w,p,w,o,p,k,v,d,p
960,x,f,y,f,f,f,c,b,p,e,b,k,k,b,n,p,w,o,l,h,v,d,p
961,x,s,g,t,f,f,c,b,h,t,b,s,f,w,w,p,w,o,p,h,s,u,p
962,f,f,y,f,f,f,c,b,p,e,b,k,k,b,n,p,w,o,l,h,y,p,p
963,k,s,e,f,f,f,c,n,b,t,?,k,s,p,p,p,w,o,e,w,v,p,p
964,f,f,n,f,n,f,c,n,g,e,e,s,s,w,w,p,w,o,p,k,v,u,e
965,f,f,y,f,f,f,c,b,p,e,b,k,k,p,n,p,w,o,l,h,v,d,p
966,f,y,n,f,y,f,c,n,b,t,?,k,k,p,w,p,w,o,e,w,v,l,p
967,f,f,w,t,l,f,w,n,p,t,b,s,s,w,w,p,w,o,p,n,v,d,e
968,x,y,y,f,f,f,c,b,g,e,b,k,k,p,b,p,w,o,l,h,y,p,p
969,b,s,y,t,l,f,c,b,k,e,c,s,s,w,w,p,w,o,p,k,s,m,e
970,x,s,n,f,n,f,w,b,n,t,e,s,f,w,w,p,w,o,e,k,s,g,e
971,b,y,y,t,a,f,c,b,w,e,c,s,s,w,w,p,w,o,p,k,n,g,e
972,f,y,n,t,n,f,c,b,n,t,b,s,s,w,g,p,w,o,p,k,y,d,e
973,f,y,n,f,f,f,c,n,b,t,?,k,s,w,w,p,w,o,e,w,v,p,p
974,f,y,n,t,n,f,c,b,n,t,b,s,s,p,w,p,w,o,p,k,y,d,e
975,f,f,g,f,f,f,c,b,h,e,b,k,k,b,b,p,w,o,l,h,y,p,p
976,x,s,g,t,f,f,c,b,p,t,b,f,s,w,w,p,w,o,p,h,s,g,p
977,f,y,n,t,n,f,c,b,w,t,b,s,s,w,p,p,w,o,p,n,v,d,e
978,x,y,n,t,n,f,c,b,w,t,b,s,s,g,p,p,w,o,p,n,y,d,e
979,x,f,g,f,c,f,w,n,u,e,b,s,s,w,w,p,w,o,p,n,v,d,p
980,f,y,n,t,p,f,c,n,k,e,e,s,s,w,w,p,w,o,p,n,s,u,p
981,k,s,n,f,y,f,c,n,b,t,?,k,k,p,w,p,w,o,e,w,v,l,p
982,k,y,n,f,y,f,c,n,b,t,?,s,s,w,w,p,w,o,e,w,v,d,p
983,k,s,e,f,f,f,c,n,b,t,?,s,s,w,w,p,w,o,e,w,v,d,p
984,f,y,e,t,n,f,c,b,w,t,b,s,s,p,p,p,w,o,p,k,v,d,e
985,f,y,n,t,n,f,c,b,p,t,b,s,s,p,g,p,w,o,p,k,v,d,e
986,x,s,w,f,c,f,w,n,p,e,b,s,s,w,w,p,w,o,p,n,v,d,p
987,s,f,g,f,n,f,c,n,n,e,e,s,s,w,w,p,w,o,p,k,v,u,e
988,f,y,n,f,s,f,c,n,b,t,?,s,s,p,w,p,w,o,e,w,v,l,p
989,x,s,e,f,s,f,c,n,b,t,?,s,k,p,p,p,w,o,e,w,v,d,p
990,f,y,y,t,a,f,c,b,p,e,r,s,y,w,w,p,w,o,p,k,y,p,e
991,f,s,b,t,n,f,c,b,w,e,?,s,s,e,e,p,w,t,e,w,c,w,e
992,x,y,g,f,f,f,c,b,g,e,b,k,k,p,n,p,w,o,l,h,v,p,p
993,f,f,n,t,n,f,c,b,w,t,b,s,s,w,p,p,w,o,p,k,v,d,e
994,f,y,n,t,l,f,c,b,n,e,r,s,y,w,w,p,w,o,p,k,y,p,e
995,f,f,y,f,f,f,c,b,g,e,b,k,k,n,b,p,w,o,l,h,v,g,p
996,x,f,e,t,n,f,c,b,n,t,b,s,s,p,g,p,w,o,p,n,y,d,e
997,x,y,n,f,s,f,c,n,b,t,?,s,s,w,p,p,w,o,e,w,v,p,p
998,f,s,e,f,y,f,c,n,b,t,?,s,k,w,w,p,w,o,e,w,v,p,p
999,x,s,n,f,y,f,c,n,b,t,?,s,s,w,w,p,w,o,e,w,v,p,p
1000,b,s,w,t,a,f,c,b,k,e,c,s,s,w,w,p,w,o,p,k,s,m,e
1001,f,y,e,t,n,f,c,b,u,t,b,s,s,w,p,p,w,o,p,n,v,d,e
1002,f,y,g,t,n,f,c,b,u,t,b,s,s,p,w,p,w,o,p,k,y,d,e
1003,x,f,g,f,n,f,c,n,p,e,e,s,s,w,w,p,w,o,p,k,y,u,e
1004,k,s,n,f,y,f,c,n,b,t,?,s,k,p,w,p,w,o,e,w,v,d,p
1005,f,y,n,f,s,f,c,n,b,t,?,k,s,p,w,p,w,o,e,w,v,p,p
1006,f,f,g,f,f,f,c,b,p,e,b,k,k,b,p,p,w,o,l,h,y,d,p
1007,f,y,n,t,a,f,c,b,w,e,r,s,y,w,w,p,w,o,p,k,s,g,e
1008,f,y,n,t,n,f,c,b,n,t,b,s,s,w,w,p,w,o,p,n,v,d,e
1009,k,s,n,f,n,a,c,b,y,e,?,s,s,o,o,p,n,o,p,y,v,l,e
1010,x,y,g,t,n,f,c,b,u,t,b,s,s,w,w,p,w,o,p,k,v,d,e
1011,x,s,y,t,a,f,c,b,n,e,c,s,s,w,w,p,w,o,p,k,n,g,e
1012,x,y,e,t,n,f,c,b,n,t,b,s,s,g,w,p,w,o,p,n,y,d,e
1013,x,y,e,t,n,f,c,b,n,t,b,s,s,w,g,p,w,o,p,n,y,d,e
1014,x,s,g,f,n,f,w,b,k,t,e,f,f,w,w,p,w,o,e,n,s,g,e
1015,k,s,n,f,s,f,c,n,b,t,?,k,s,w,w,p,w,o,e,w,v,d,p
1016,x,f,g,f,f,f,c,b,h,e,b,k,k,p,b,p,w,o,l,h,y,d,p
1017,f,y,n,t,n,f,c,b,w,t,b,s,s,w,w,p,w,o,p,n,v,d,e
1018,k,s,e,f,y,f,c,n,b,t,?,k,s,w,p,p,w,o,e,w,v,l,p
1019,b,f,w,f,n,f,w,b,g,e,?,k,s,w,w,p,w,t,p,w,s,g,e
1020,b,s,g,f,n,f,w,b,w,e,?,s,s,w,w,p,w,t,p,w,s,g,e
1021,x,f,y,f,f,f,c,b,p,e,b,k,k,n,n,p,w,o,l,h,y,p,p
1022,x,f,e,t,n,f,c,b,n,t,b,s,s,w,p,p,w,o,p,k,y,d,e
1023,x,y,g,t,n,f,c,b,n,t,b,s,s,p,g,p,w,o,p,k,v,d,e
1024,k,y,n,f,s,f,c,n,b,t,?,k,k,w,p,p,w,o,e,w,v,d,p
1025,x,y,w,t,a,f,c,b,w,e,c,s,s,w,w,p,w,o,p,k,n,m,e
1026,f,f,n,t,n,f,c,b,n,t,b,s,s,p,p,p,w,o,p,k,y,d,e
1027,k,s,n,f,n,a,c,b,y,e,?,s,s,o,o,p,o,o,p,b,v,l,e
1028,f,y,y,t,a,f,c,b,p,e,r,s,y,w,w,p,w,o,p,n,y,p,e
1029,f,f,n,t,n,f,c,b,u,t,b,s,s,w,g,p,w,o,p,k,v,d,e
1030,k,y,n,f,s,f,c,n,b,t,?,k,k,p,w,p,w,o,e,w,v,l,p
1031,x,y,n,t,p,f,c,n,n,e,e,s,s,w,w,p,w,o,p,n,s,g,p
1032,f,f,e,t,n,f,c,b,w,t,b,s,s,w,p,p,w,o,p,k,y,d,e
1033,f,y,n,t,p,f,c,n,p,e,e,s,s,w,w,p,w,o,p,k,s,g,p
1034,x,y,y,t,l,f,c,b,p,e,r,s,y,w,w,p,w,o,p,n,s,g,e
1035,f,s,n,f,y,f,c,n,b,t,?,s,k,w,p,p,w,o,e,w,v,d,p
1036,k,y,e,f,f,f,c,n,b,t,?,s,s,p,p,p,w,o,e,w,v,p,p
1037,b,s,g,f,n,f,w,b,g,e,?,k,s,w,w,p,w,t,p,w,s,g,e
1038,k,y,e,t,n,f,c,b,w,e,?,s,s,w,w,p,w,t,e,w,c,w,e
1039,f,y,y,t,a,f,c,b,w,e,r,s,y,w,w,p,w,o,p,n,y,g,e
1040,x,y,n,t,n,f,c,b,p,t,b,s,s,g,p,p,w,o,p,n,y,d,e
1041,f,s,e,f,y,f,c,n,b,t,?,k,s,p,w,p,w,o,e,w,v,l,p
1042,f,s,w,f,n,f,w,b,k,t,e,s,f,w,w,p,w,o,e,k,s,g,e
1043,f,s,w,t,p,f,c,n,k,e,e,s,s,w,w,p,w,o,p,k,s,g,p
1044,f,f,n,t,n,f,c,b,n,t,b,s,s,p,p,p,w,o,p,n,v,d,e
1045,f,f,n,f,n,f,w,b,n,t,e,s,f,w,w,p,w,o,e,n,s,g,e
1046,k,s,p,t,n,f,c,b,e,e,?,s,s,e,e,p,w,t,e,w,c,w,e
1047,f,y,e,f,f,f,c,n,b,t,?,k,s,p,w,p,w,o,e,w,v,p,p
1048,b,s,n,f,n,a,c,b,n,e,?,s,s,o,o,p,o,o,p,n,v,l,e
1049,k,y,n,f,s,f,c,n,b,t,?,s,k,p,w,p,w,o,e,w,v,d,p
1050,f,s,n,f,y,f,c,n,b,t,?,k,s,p,w,p,w,o,e,w,v,p,p
1051,f,y,n,t,l,f,c,b,n,e,r,s,y,w,w,p,w,o,p,k,s,p,e
1052,k,s,n,f,s,f,c,n,b,t,?,s,k,p,w,p,w,o,e,w,v,d,p
1053,x,s,n,f,n,a,c,b,o,e,?,s,s,o,o,p,n,o,p,b,c,l,e
1054,k,y,n,f,f,f,c,n,b,t,?,k,s,p,p,p,w,o,e,w,v,p,p
1055,x,y,y,f,f,f,c,b,p,e,b,k,k,b,n,p,w,o,l,h,v,d,p
1056,x,s,n,f,n,f,w,b,k,t,e,f,f,w,w,p,w,o,e,k,s,g,e
1057,x,y,n,f,f,f,c,n,b,t,?,k,k,w,p,p,w,o,e,w,v,l,p
1058,f,f,e,t,n,f,c,b,u,t,b,s,s,p,p,p,w,o,p,n,v,d,e
1059,x,s,w,f,n,f,w,b,w,e,?,s,k,w,w,p,w,t,p,w,n,g,e
1060,x,y,g,f,f,f,c,b,g,e,b,k,k,n,p,p,w,o,l,h,y,d,p
1061,x,f,y,f,f,f,c,b,p,e,b,k,k,n,n,p,w,o,l,h,y,d,p
1062,k,y,e,f,f,f,c,n,b,t,?,s,s,p,p,p,w,o,e,w,v,l,p
1063,k,s,e,f,f,f,c,n,b,t,?,s,k,p,w,p,w,o,e,w,v,p,p
1064,x,f,e,t,n,f,c,b,n,t,b,s,s,g,p,p,w,o,p,n,y,d,e
1065,f,y,e,t,n,f,c,b,n,t,b,s,s,g,p,p,w,o,p,n,v,d,e
1066,k,f,g,f,n,f,w,b,w,e,?,k,k,w,w,p,w,t,p,w,n,g,e
1067,f,y,g,f,f,f,c,b,h,e,b,k,k,b,b,p,w,o,l,h,y,d,p
1068,f,y,e,f,f,f,c,n,b,t,?,k,k,w,w,p,w,o,e,w,v,p,p
1069,x,f,g,f,f,f,c,b,p,e,b,k,k,p,p,p,w,o,l,h,v,g,p
1070,x,f,y,f,f,f,c,b,h,e,b,k,k,p,p,p,w,o,l,h,y,d,p
1071,k,s,e,f,y,f,c,n,b,t,?,k,s,p,p,p,w,o,e,w,v,l,p
1072,f,f,n,t,n,f,c,b,p,t,b,s,s,p,w,p,w,o,p,n,y,d,e
1073,f,f,e,t,n,f,c,b,n,t,b,s,s,g,w,p,w,o,p,k,v,d,e
1074,f,f,g,t,n,f,c,b,w,t,b,s,s,g,p,p,w,o,p,k,y,d,e
1075,b,s,n,f,n,a,c,b,y,e,?,s,s,o,o,p,n,o,p,o,v,l,e
1076,k,s,n,f,n,a,c,b,n,e,?,s,s,o,o,p,o,o,p,y,c,l,e
1077,x,f,n,f,n,f,c,n,k,e,e,s,s,w,w,p,w,o,p,k,v,u,e
1078,x,f,n,f,n,f,w,b,n,t,e,s,f,w,w,p,w,o,e,k,a,g,e
1079,x,s,g,f,n,f,w,b,p,e,?,k,s,w,w,p,w,t,p,w,n,g,e
1080,b,s,w,f,n,f,w,b,g,e,?,s,k,w,w,p,w,t,p,w,n,g,e
1081,x,y,y,t,a,f,c,b,n,e,c,s,s,w,w,p,w,o,p,k,s,m,e
1082,x,f,y,f,f,f,c,b,p,e,b,k,k,b,p,p,w,o,l,h,v,d,p
1083,x,f,g,f,f,f,c,b,p,e,b,k,k,n,b,p,w,o,l,h,v,p,p
1084,x,s,w,f,n,f,w,b,p,e,?,s,s,w,w,p,w,t,p,w,n,g,e
1085,x,y,e,f,f,f,c,n,b,t,?,s,k,w,w,p,w,o,e,w,v,l,p
1086,x,s,y,t,l,f,c,b,g,e,c,s,s,w,w,p,w,o,p,n,s,m,e
1087,f,y,y,t,a,f,c,b,w,e,r,s,y,w,w,p,w,o,p,n,s,g,e
1088,f,s,n,f,f,f,c,n,b,t,?,s,k,p,p,p,w,o,e,w,v,l,p
1089,f,y,g,f,f,f,c,b,g,e,b,k,k,n,b,p,w,o,l,h,y,p,p
1090,f,s,w,t,p,f,c,n,w,e,e,s,s,w,w,p,w,o,p,n,v,u,p
1091,f,y,n,f,f,f,c,n,b,t,?,s,k,w,w,p,w,o,e,w,v,d,p
1092,f,f,e,t,n,f,c,b,w,t,b,s,s,g,g,p,w,o,p,n,y,d,e
1093,x,f,n,f,n,f,w,b,k,t,e,s,s,w,w,p,w,o,e,k,a,g,e
1094,x,y,y,f,f,f,c,b,p,e,b,k,k,p,p,p,w,o,l,h,v,p,p
1095,f,f,g,f,f,f,c,b,g,e,b,k,k,p,b,p,w,o,l,h,y,p,p
1096,f,f,n,f,n,f,w,b,h,t,e,f,f,w,w,p,w,o,e,k,a,g,e
1097,k,s,b,t,n,f,c,b,w,e,?,s,s,w,w,p,w,t,e,w,c,w,e
1098,f,f,g,f,f,f,c,b,g,e,b,k,k,n,n,p,w,o,l,h,v,d,p
1099,f,f,y,f,f,f,c,b,h,e,b,k,k,p,p,p,w,o,l,h,v,p,p
1100,f,s,w,t,p,f,c,n,p,e,e,s,s,w,w,p,w,o,p,n,v,u,p
1101,f,f,n,t,n,f,c,b,n,t,b,s,s,p,w,p,w,o,p,k,v,d,e
1102,x,y,n,f,s,f,c,n,b,t,?,k,k,w,w,p,w,o,e,w,v,l,p
1103,b,s,p,t,n,f,c,b,w,e,b,s,s,w,w,p,w,t,p,r,v,m,p
1104,b,y,w,t,a,f,c,b,n,e,c,s,s,w,w,p,w,o,p,n,n,m,e
1105,f,y,w,t,p,f,c,n,w,e,e,s,s,w,w,p,w,o,p,k,s,g,p
1106,f,f,g,t,n,f,c,b,w,t,b,s,s,p,g,p,w,o,p,k,y,d,e
1107,f,f,w,f,n,f,w,b,p,t,e,f,s,w,w,p,w,o,e,n,a,g,e
1108,x,f,n,t,n,f,c,b,w,t,b,s,s,g,w,p,w,o,p,k,y,d,e
1109,f,y,n,t,n,f,c,b,n,t,b,s,s,w,p,p,w,o,p,n,y,d,e
1110,x,f,g,t,n,f,c,b,u,t,b,s,s,w,g,p,w,o,p,k,v,d,e
1111,x,y,e,f,f,f,c,n,b,t,?,k,s,p,w,p,w,o,e,w,v,d,p
1112,f,y,e,f,f,f,c,n,b,t,?,k,s,p,p,p,w,o,e,w,v,l,p
1113,f,y,n,f,f,f,c,n,b,t,?,s,s,w,w,p,w,o,e,w,v,l,p
1114,f,f,y,f,f,f,c,b,g,e,b,k,k,p,p,p,w,o,l,h,y,p,p
1115,x,s,n,t,p,f,c,n,p,e,e,s,s,w,w,p,w,o,p,n,v,g,p
1116,f,y,y,f,f,f,c,b,h,e,b,k,k,n,b,p,w,o,l,h,y,d,p
1117,x,y,n,f,y,f,c,n,b,t,?,k,k,p,w,p,w,o,e,w,v,p,p
1118,b,y,w,t,a,f,c,b,g,e,c,s,s,w,w,p,w,o,p,k,s,g,e
1119,x,f,g,t,n,f,c,b,p,t,b,s,s,p,p,p,w,o,p,k,y,d,e
1120,x,y,y,f,f,f,c,b,g,e,b,k,k,n,n,p,w,o,l,h,v,p,p
1121,x,y,n,f,s,f,c,n,b,t,?,k,k,p,p,p,w,o,e,w,v,d,p
1122,b,y,w,t,l,f,c,b,n,e,c,s,s,w,w,p,w,o,p,k,s,m,e
1123,f,y,g,f,f,f,c,b,h,e,b,k,k,p,n,p,w,o,l,h,y,p,p
1124,x,y,n,t,n,f,c,b,w,t,b,s,s,g,p,p,w,o,p,k,v,d,e
1125,x,f,y,f,f,f,c,b,g,e,b,k,k,b,n,p,w,o,l,h,y,p,p
1126,f,y,n,t,p,f,c,n,n,e,e,s,s,w,w,p,w,o,p,k,s,g,p
1127,k,y,n,f,y,f,c,n,b,t,?,s,k,w,w,p,w,o,e,w,v,l,p
1128,b,s,y,t,l,f,c,b,w,e,c,s,s,w,w,p,w,o,p,k,n,g,e
1129,b,s,g,f,n,f,w,b,w,e,?,s,s,w,w,p,w,t,p,w,n,g,e
1130,b,s,y,t,a,f,c,b,w,e,c,s,s,w,w,p,w,o,p,n,s,m,e
1131,x,f,e,t,n,f,c,b,u,t,b,s,s,w,p,p,w,o,p,k,v,d,e
1132,f,f,n,t,n,f,c,b,w,t,b,s,s,g,w,p,w,o,p,k,y,d,e
1133,x,f,g,f,n,f,c,n,n,e,e,s,s,w,w,p,w,o,p,n,v,u,e
1134,f,f,n,t,n,f,c,b,p,t,b,s,s,p,w,p,w,o,p,k,y,d,e
1135,x,y,g,f,f,f,c,b,p,e,b,k,k,n,p,p,w,o,l,h,v,d,p
1136,x,f,g,f,n,f,w,b,h,t,e,s,s,w,w,p,w,o,e,k,a,g,e
1137,f,y,u,f,n,f,c,n,h,e,?,s,f,w,w,p,w,o,f,h,v,d,e
1138,b,y,y,t,l,f,c,b,k,e,c,s,s,w,w,p,w,o,p,n,n,g,e
1139,f,y,e,t,n,f,c,b,p,t,b,s,s,g,g,p,w,o,p,k,y,d,e
1140,f,y,y,f,f,f,c,b,g,e,b,k,k,b,b,p,w,o,l,h,y,d,p
1141,x,f,w,f,n,f,w,b,n,t,e,s,s,w,w,p,w,o,e,k,a,g,e
1142,x,y,y,t,a,f,c,b,g,e,c,s,s,w,w,p,w,o,p,k,s,g,e
1143,k,s,n,f,s,f,c,n,b,t,?,s,s,p,w,p,w,o,e,w,v,d,p
1144,f,s,n,f,f,f,c,n,b,t,?,k,s,w,p,p,w,o,e,w,v,d,p
1145,b,y,p,t,n,f,c,b,r,e,b,s,s,w,w,p,w,t,p,r,v,m,p
1146,x,s,w,f,c,f,c,n,g,e,b,s,s,w,w,p,w,o,p,n,v,d,p
1147,b,y,y,t,a,f,c,b,n,e,c,s,s,w,w,p,w,o,p,k,s,m,e
1148,x,f,n,t,n,f,c,b,p,t,b,s,s,w,p,p,w,o,p,k,y,d,e
1149,k,s,e,f,y,f,c,n,b,t,?,s,k,p,p,p,w,o,e,w,v,l,p
1150,f,y,w,t,p,f,c,n,p,e,e,s,s,w,w,p,w,o,p,k,v,u,p
1151,f,f,n,f,n,f,w,b,n,t,e,s,s,w,w,p,w,o,e,n,s,g,e
1152,f,f,n,t,n,f,c,b,u,t,b,s,s,p,p,p,w,o,p,n,v,d,e
1153,f,y,g,t,n,f,c,b,w,t,b,s,s,w,w,p,w,o,p,n,y,d,e
1154,x,f,g,t,n,f,c,b,w,t,b,s,s,g,p,p,w,o,p,k,y,d,e
1155,f,y,g,t,n,f,c,b,p,t,b,s,s,p,g,p,w,o,p,k,y,d,e
1156,f,s,b,t,n,f,c,b,w,e,?,s,s,w,e,p,w,t,e,w,c,w,e
1157,x,s,e,f,f,f,c,n,b,t,?,s,s,w,p,p,w,o,e,w,v,p,p
1158,f,f,e,t,n,f,c,b,p,t,b,s,s,w,p,p,w,o,p,n,v,d,e
1159,f,y,e,t,n,f,c,b,w,t,b,s,s,g,p,p,w,o,p,n,v,d,e
1160,f,f,g,t,n,f,c,b,p,t,b,s,s,w,p,p,w,o,p,n,y,d,e
1161,f,y,n,t,a,f,c,b,w,e,r,s,y,w,w,p,w,o,p,n,y,p,e
1162,x,s,n,t,n,f,c,b,e,e,?,s,s,w,w,p,w,t,e,w,c,w,e
1163,k,y,n,f,s,f,c,n,b,t,?,s,k,p,p,p,w,o,e,w,v,p,p
1164,f,f,e,t,n,f,c,b,w,t,b,s,s,p,g,p,w,o,p,n,y,d,e
1165,f,s,n,f,s,f,c,n,b,t,?,s,k,w,p,p,w,o,e,w,v,d,p
1166,x,y,n,t,n,f,c,b,n,t,b,s,s,p,g,p,w,o,p,k,y,d,e
1167,x,y,y,f,f,f,c,b,g,e,b,k,k,b,n,p,w,o,l,h,y,d,p
1168,x,y,g,f,f,f,c,b,h,e,b,k,k,b,n,p,w,o,l,h,y,d,p
1169,f,s,b,t,f,f,c,b,h,t,b,f,s,w,w,p,w,o,p,h,s,g,p
1170,k,y,e,f,s,f,c,n,b,t,?,s,s,p,p,p,w,o,e,w,v,p,p
1171,x,y,g,t,n,f,c,b,p,t,b,s,s,g,w,p,w,o,p,k,v,d,e
1172,x,f,g,f,n,f,w,b,n,t,e,f,s,w,w,p,w,o,e,n,a,g,e
1173,x,f,e,t,n,f,c,b,u,t,b,s,s,p,p,p,w,o,p,n,v,d,e
1174,f,s,b,t,f,f,c,b,w,t,b,s,s,w,w,p,w,o,p,h,v,u,p
1175,f,f,g,f,n,f,c,n,p,e,e,s,s,w,w,p,w,o,p,k,v,u,e
1176,k,s,e,f,f,f,c,n,b,t,?,k,s,w,p,p,w,o,e,w,v,d,p
1177,f,s,e,f,y,f,c,n,b,t,?,s,s,w,w,p,w,o,e,w,v,p,p
1178,f,y,w,f,n,f,c,n,u,e,?,s,f,w,w,p,w,o,f,h,v,d,e
1179,f,s,w,t,l,f,w,n,n,t,b,s,s,w,w,p,w,o,p,n,v,d,e
1180,b,s,g,f,n,f,w,b,p,e,?,s,s,w,w,p,w,t,p,w,n,g,e
1181,x,f,g,t,n,f,c,b,n,t,b,s,s,p,p,p,w,o,p,k,v,d,e
1182,f,f,e,t,n,f,c,b,u,t,b,s,s,g,g,p,w,o,p,n,v,d,e
1183,f,f,y,f,f,f,c,b,g,e,b,k,k,n,p,p,w,o,l,h,y,p,p
1184,f,y,g,f,f,f,c,b,p,e,b,k,k,n,n,p,w,o,l,h,v,p,p
1185,x,s,w,f,c,f,c,n,u,e,b,s,s,w,w,p,w,o,p,n,s,d,p
1186,b,s,n,f,n,a,c,b,y,e,?,s,s,o,o,p,n,o,p,y,v,l,e
1187,f,f,y,f,f,f,c,b,p,e,b,k,k,n,p,p,w,o,l,h,v,p,p
1188,x,s,e,t,n,f,c,b,e,e,?,s,s,e,e,p,w,t,e,w,c,w,e
1189,b,s,w,t,a,f,c,b,k,e,c,s,s,w,w,p,w,o,p,n,n,m,e
1190,f,s,w,t,f,f,c,b,p,t,b,f,f,w,w,p,w,o,p,h,v,u,p
1191,f,s,e,f,f,f,c,n,b,t,?,k,k,w,p,p,w,o,e,w,v,d,p
1192,x,y,n,f,y,f,c,n,b,t,?,s,s,w,p,p,w,o,e,w,v,p,p
1193,f,f,g,f,n,f,w,b,h,t,e,s,s,w,w,p,w,o,e,k,a,g,e
1194,f,s,n,f,y,f,c,n,b,t,?,k,k,w,p,p,w,o,e,w,v,p,p
1195,x,y,n,t,p,f,c,n,n,e,e,s,s,w,w,p,w,o,p,n,v,u,p
1196,x,y,n,f,s,f,c,n,b,t,?,s,s,p,w,p,w,o,e,w,v,l,p
1197,b,s,y,t,l,f,c,b,n,e,c,s,s,w,w,p,w,o,p,n,n,g,e
1198,x,s,b,t,f,f,c,b,p,t,b,f,f,w,w,p,w,o,p,h,s,g,p
1199,f,f,e,t,n,f,c,b,w,t,b,s,s,p,g,p,w,o,p,k,v,d,e
1200,x,f,n,f,n,f,w,b,n,t,e,f,f,w,w,p,w,o,e,n,s,g,e
1201,x,f,p,f,c,f,w,n,u,e,b,s,s,w,w,p,w,o,p,n,s,d,p
1202,b,s,b,t,n,f,c,b,w,e,b,s,s,w,w,p,w,t,p,r,v,m,p
1203,k,y,e,f,s,f,c,n,b,t,?,k,k,w,w,p,w,o,e,w,v,l,p
1204,f,y,n,f,y,f,c,n,b,t,?,s,s,p,w,p,w,o,e,w,v,l,p
1205,x,y,n,t,n,f,c,b,n,t,b,s,s,p,w,p,w,o,p,n,y,d,e
1206,x,s,g,f,n,f,w,b,p,e,?,s,k,w,w,p,w,t,p,w,n,g,e
1207,f,f,g,f,f,f,c,b,g,e,b,k,k,p,n,p,w,o,l,h,v,p,p
1208,f,y,y,f,f,f,c,b,p,e,b,k,k,b,p,p,w,o,l,h,v,p,p
1209,k,s,n,f,s,f,c,n,b,t,?,s,k,p,p,p,w,o,e,w,v,p,p
1210,f,s,e,f,y,f,c,n,b,t,?,k,k,p,w,p,w,o,e,w,v,d,p
1211,b,s,w,t,l,f,c,b,k,e,c,s,s,w,w,p,w,o,p,n,n,g,e
1212,f,f,y,f,f,f,c,b,h,e,b,k,k,p,n,p,w,o,l,h,y,p,p
1213,x,s,w,t,f,f,c,b,w,t,b,f,f,w,w,p,w,o,p,h,v,g,p
1214,x,y,y,f,f,f,c,b,g,e,b,k,k,n,b,p,w,o,l,h,y,d,p
1215,f,y,n,t,n,f,c,b,w,e,?,s,s,e,w,p,w,t,e,w,c,w,e
1216,f,f,n,t,n,f,c,b,w,t,b,s,s,w,p,p,w,o,p,n,v,d,e
1217,k,s,n,f,s,f,c,n,b,t,?,k,s,p,w,p,w,o,e,w,v,p,p
1218,k,s,n,f,s,f,c,n,b,t,?,s,s,w,p,p,w,o,e,w,v,p,p
1219,f,f,e,t,n,f,c,b,p,t,b,s,s,g,w,p,w,o,p,k,y,d,e
1220,f,y,g,f,f,f,c,b,h,e,b,k,k,b,b,p,w,o,l,h,v,d,p
1221,x,s,e,f,f,f,c,n,b,t,?,k,k,w,w,p,w,o,e,w,v,p,p
1222,f,s,n,t,n,f,c,b,e,e,?,s,s,e,e,p,w,t,e,w,c,w,e
1223,x,f,w,f,c,f,c,n,n,e,b,s,s,w,w,p,w,o,p,k,s,d,p
1224,f,y,g,t,n,f,c,b,p,t,b,s,s,w,g,p,w,o,p,k,y,d,e
1225,f,f,y,f,f,f,c,b,p,e,b,k,k,n,p,p,w,o,l,h,y,p,p
1226,x,y,n,t,a,f,c,b,w,e,r,s,y,w,w,p,w,o,p,n,y,g,e
1227,b,g,w,t,n,f,w,n,w,e,b,s,s,w,w,p,w,o,p,w,c,l,p
1228,x,y,e,t,n,f,c,b,u,t,b,s,s,p,g,p,w,o,p,n,y,d,e
1229,x,y,n,t,n,f,c,b,n,t,b,s,s,g,p,p,w,o,p,n,v,d,e
1230,f,f,y,f,f,f,c,b,g,e,b,k,k,n,p,p,w,o,l,h,y,g,p
1231,x,y,n,t,n,f,c,b,p,t,b,s,s,g,g,p,w,o,p,n,v,d,e
1232,f,y,b,t,n,f,c,b,g,e,b,s,s,w,w,p,w,t,p,r,v,g,p
1233,b,f,g,f,n,f,w,b,g,e,?,s,s,w,w,p,w,t,p,w,s,g,e
1234,x,y,y,t,a,f,c,b,n,e,c,s,s,w,w,p,w,o,p,n,s,g,e
1235,k,y,n,f,n,f,c,b,w,e,b,y,y,n,n,p,w,t,p,w,y,d,e
1236,f,y,g,f,f,f,c,b,g,e,b,k,k,b,b,p,w,o,l,h,v,p,p
1237,x,s,g,t,f,f,c,b,h,t,b,f,s,w,w,p,w,o,p,h,v,g,p
1238,f,y,n,t,n,f,c,b,p,t,b,s,s,w,g,p,w,o,p,n,y,d,e
1239,f,f,n,f,n,f,c,n,n,e,e,s,s,w,w,p,w,o,p,k,v,u,e
1240,x,s,n,t,p,f,c,n,p,e,e,s,s,w,w,p,w,o,p,n,v,u,p
1241,f,y,g,f,f,f,c,b,h,e,b,k,k,n,n,p,w,o,l,h,v,d,p
1242,x,f,w,f,n,f,w,b,p,t,e,f,f,w,w,p,w,o,e,k,s,g,e
1243,k,s,e,f,s,f,c,n,b,t,?,s,k,w,w,p,w,o,e,w,v,p,p
1244,x,f,g,t,n,f,c,b,p,t,b,s,s,g,w,p,w,o,p,n,y,d,e
1245,f,s,w,t,f,f,c,b,h,t,b,f,f,w,w,p,w,o,p,h,v,g,p
1246,x,y,n,f,y,f,c,n,b,t,?,s,k,w,p,p,w,o,e,w,v,d,p
1247,f,y,n,t,n,f,c,b,n,t,b,s,s,g,g,p,w,o,p,n,v,d,e
1248,f,y,e,t,n,f,c,b,u,t,b,s,s,p,g,p,w,o,p,n,y,d,e
1249,f,y,g,t,n,f,c,b,w,t,b,s,s,g,p,p,w,o,p,n,v,d,e
1250,k,y,n,f,s,f,c,n,b,t,?,k,k,w,p,p,w,o,e,w,v,l,p
1251,f,y,e,f,f,f,c,n,b,t,?,s,k,w,p,p,w,o,e,w,v,d,p
1252,k,s,e,f,s,f,c,n,b,t,?,k,s,p,p,p,w,o,e,w,v,p,p
1253,k,y,e,f,y,f,c,n,b,t,?,k,s,p,p,p,w,o,e,w,v,p,p
1254,f,f,g,f,f,f,c,b,h,e,b,k,k,p,n,p,w,o,l,h,v,g,p
1255,k,y,n,t,n,f,c,b,e,e,?,s,s,e,e,p,w,t,e,w,c,w,e
1256,x,f,g,t,n,f,c,b,w,t,b,s,s,p,g,p,w,o,p,k,v,d,e
1257,x,s,p,t,n,f,c,b,w,e,?,s,s,e,e,p,w,t,e,w,c,w,e
1258,x,s,n,f,f,f,c,n,b,t,?,s,s,p,w,p,w,o,e,w,v,l,p
1259,f,y,y,f,f,f,c,b,g,e,b,k,k,n,b,p,w,o,l,h,v,g,p
1260,x,f,g,f,n,f,w,b,w,e,?,k,k,w,w,p,w,t,p,w,n,g,e
1261,x,s,e,f,y,f,c,n,b,t,?,s,s,w,p,p,w,o,e,w,v,p,p
1262,b,s,p,t,n,f,c,b,r,e,b,s,s,w,w,p,w,t,p,r,v,g,p
1263,x,y,g,f,f,f,c,b,h,e,b,k,k,p,p,p,w,o,l,h,y,p,p
1264,k,f,y,f,n,f,c,n,w,e,?,k,y,w,y,p,w,o,e,w,v,d,p
1265,x,y,y,f,f,f,c,b,p,e,b,k,k,b,b,p,w,o,l,h,v,d,p
1266,x,y,n,f,n,f,w,n,w,e,b,s,f,w,n,p,w,o,e,w,v,l,e
1267,f,s,w,f,n,f,w,b,k,t,e,s,f,w,w,p,w,o,e,k,a,g,e
1268,x,y,g,t,n,f,c,b,n,t,b,s,s,g,w,p,w,o,p,k,v,d,e
1269,f,y,n,t,n,f,c,b,n,t,b,s,s,p,w,p,w,o,p,k,v,d,e
1270,b,y,y,t,a,f,c,b,g,e,c,s,s,w,w,p,w,o,p,n,s,m,e
1271,f,f,g,f,f,f,c,b,h,e,b,k,k,n,b,p,w,o,l,h,v,g,p
1272,k,s,n,f,s,f,c,n,b,t,?,k,s,w,w,p,w,o,e,w,v,p,p
1273,x,f,g,f,n,f,w,b,k,t,e,f,f,w,w,p,w,o,e,n,s,g,e
1274,x,f,g,f,n,f,w,b,k,t,e,f,f,w,w,p,w,o,e,n,a,g,e
1275,f,y,n,t,n,f,c,b,w,t,b,s,s,g,g,p,w,o,p,n,y,d,e
1276,f,y,n,t,n,f,c,b,w,t,b,s,s,p,p,p,w,o,p,k,v,d,e
1277,x,f,y,f,f,f,c,b,g,e,b,k,k,p,n,p,w,o,l,h,v,g,p
1278,x,y,e,f,f,f,c,n,b,t,?,k,s,p,w,p,w,o,e,w,v,l,p
1279,x,f,e,t,n,f,c,b,u,t,b,s,s,p,g,p,w,o,p,n,v,d,e
1280,f,s,g,f,n,f,w,b,n,t,e,f,s,w,w,p,w,o,e,n,a,g,e
1281,k,s,e,f,y,f,c,n,b,t,?,s,s,p,p,p,w,o,e,w,v,d,p
1282,f,s,n,f,f,f,c,n,b,t,?,k,k,p,w,p,w,o,e,w,v,l,p
1283,x,y,y,t,a,f,c,b,n,e,r,s,y,w,w,p,w,o,p,k,y,p,e
1284,x,y,g,t,n,f,c,b,w,t,b,s,s,p,w,p,w,o,p,n,v,d,e
1285,f,s,w,t,f,f,c,b,w,t,b,s,f,w,w,p,w,o,p,h,v,g,p
1286,f,s,w,t,f,f,c,b,p,t,b,s,f,w,w,p,w,o,p,h,v,u,p
1287,x,y,n,t,n,f,c,b,u,t,b,s,s,w,g,p,w,o,p,n,y,d,e
1288,x,f,g,f,f,f,c,b,h,e,b,k,k,b,b,p,w,o,l,h,v,g,p
1289,x,f,w,f,n,f,w,b,h,t,e,f,f,w,w,p,w,o,e,k,s,g,e
1290,f,s,w,f,n,f,w,b,h,t,e,f,s,w,w,p,w,o,e,k,s,g,e
1291,k,s,e,f,s,f,c,n,b,t,?,s,s,w,w,p,w,o,e,w,v,p,p
1292,x,s,g,f,n,f,w,b,p,e,?,k,s,w,w,p,w,t,p,w,s,g,e
1293,f,y,g,t,n,f,c,b,u,t,b,s,s,w,p,p,w,o,p,n,v,d,e
1294,x,s,g,t,f,f,c,b,p,t,b,s,f,w,w,p,w,o,p,h,v,u,p
1295,f,s,g,f,n,f,w,b,n,t,e,s,s,w,w,p,w,o,e,n,a,g,e
1296,x,y,y,f,f,f,c,b,p,e,b,k,k,b,n,p,w,o,l,h,y,g,p
1297,f,f,g,t,n,f,c,b,u,t,b,s,s,w,g,p,w,o,p,k,v,d,e
1298,x,f,g,f,n,f,w,b,p,t,e,f,f,w,w,p,w,o,e,n,s,g,e
1299,x,y,y,f,f,f,c,b,h,e,b,k,k,n,p,p,w,o,l,h,v,g,p
1300,x,y,g,t,n,f,c,b,n,t,b,s,s,p,p,p,w,o,p,n,y,d,e
1301,x,y,e,t,n,f,c,b,n,t,b,s,s,p,w,p,w,o,p,n,v,d,e
1302,f,s,e,t,n,f,c,b,w,e,?,s,s,w,e,p,w,t,e,w,c,w,e
1303,x,s,n,f,n,a,c,b,y,e,?,s,s,o,o,p,n,o,p,o,v,l,e
1304,k,y,n,f,s,f,c,n,b,t,?,s,s,w,p,p,w,o,e,w,v,d,p
1305,x,y,e,t,n,f,c,b,w,t,b,s,s,w,p,p,w,o,p,n,v,d,e
1306,f,f,n,t,n,f,c,b,w,t,b,s,s,w,g,p,w,o,p,n,y,d,e
1307,f,y,n,t,n,f,c,b,w,t,b,s,s,w,g,p,w,o,p,n,y,d,e
1308,x,s,e,f,y,f,c,n,b,t,?,k,k,w,p,p,w,o,e,w,v,d,p
1309,x,s,w,t,p,f,c,n,w,e,e,s,s,w,w,p,w,o,p,n,s,u,p
1310,x,f,y,f,f,f,c,b,p,e,b,k,k,b,n,p,w,o,l,h,y,d,p
1311,x,y,n,t,n,f,c,b,w,t,b,s,s,p,g,p,w,o,p,k,v,d,e
1312,x,f,y,f,f,f,c,b,h,e,b,k,k,b,n,p,w,o,l,h,y,g,p
1313,f,s,g,t,f,f,c,b,w,t,b,s,f,w,w,p,w,o,p,h,s,g,p
1314,x,y,g,t,n,f,c,b,n,t,b,s,s,p,p,p,w,o,p,k,v,d,e
1315,x,f,w,f,n,f,w,b,h,t,e,f,s,w,w,p,w,o,e,n,a,g,e
1316,x,s,g,f,n,f,w,b,g,e,?,k,k,w,w,p,w,t,p,w,n,g,e
1317,x,f,y,t,a,f,w,n,n,t,b,s,s,w,w,p,w,o,p,u,v,d,e
1318,f,s,g,t,f,f,c,b,w,t,b,f,s,w,w,p,w,o,p,h,s,u,p
1319,x,f,g,f,n,f,w,b,n,t,e,f,f,w,w,p,w,o,e,k,a,g,e
1320,x,y,p,t,n,f,c,b,w,e,?,s,s,w,w,p,w,t,e,w,c,w,e
1321,f,f,e,t,n,f,c,b,u,t,b,s,s,p,g,p,w,o,p,k,v,d,e
1322,x,y,y,t,a,f,c,b,p,e,r,s,y,w,w,p,w,o,p,k,s,p,e
1323,k,y,n,f,f,f,c,n,b,t,?,s,s,p,w,p,w,o,e,w,v,l,p
1324,x,f,y,f,f,f,c,b,h,e,b,k,k,b,n,p,w,o,l,h,y,d,p
1325,x,s,g,t,f,f,c,b,w,t,b,f,f,w,w,p,w,o,p,h,s,u,p
1326,f,y,n,f,f,f,c,n,b,t,?,s,s,p,w,p,w,o,e,w,v,p,p
1327,f,y,g,t,n,f,c,b,w,t,b,s,s,w,g,p,w,o,p,n,v,d,e
1328,x,f,n,f,n,f,w,b,n,t,e,s,f,w,w,p,w,o,e,n,a,g,e
1329,x,s,w,t,p,f,c,n,k,e,e,s,s,w,w,p,w,o,p,k,s,g,p
1330,x,s,n,f,n,f,w,b,p,t,e,s,s,w,w,p,w,o,e,n,a,g,e
1331,x,f,w,f,n,f,w,b,g,e,?,s,k,w,w,p,w,t,p,w,n,g,e
1332,k,g,w,t,n,f,w,n,w,e,b,s,s,w,w,p,w,o,p,w,c,l,p
1333,f,y,n,t,n,f,c,b,u,t,b,s,s,w,p,p,w,o,p,k,v,d,e
1334,x,y,y,t,a,f,c,b,k,e,c,s,s,w,w,p,w,o,p,k,s,g,e
1335,f,y,e,f,s,f,c,n,b,t,?,s,s,w,p,p,w,o,e,w,v,d,p
1336,f,f,w,f,n,f,w,b,n,t,e,f,s,w,w,p,w,o,e,n,a,g,e
1337,b,s,w,t,a,f,c,b,n,e,c,s,s,w,w,p,w,o,p,k,s,g,e
1338,k,s,n,f,y,f,c,n,b,t,?,s,s,p,w,p,w,o,e,w,v,d,p
1339,x,y,g,t,n,f,c,b,p,t,b,s,s,g,p,p,w,o,p,n,y,d,e
1340,x,y,w,t,l,f,c,b,g,e,c,s,s,w,w,p,w,o,p,n,n,g,e
1341,k,s,e,t,n,f,c,b,e,e,?,s,s,w,w,p,w,t,e,w,c,w,e
1342,b,f,w,f,n,f,w,b,w,e,?,s,s,w,w,p,w,t,p,w,s,g,e
1343,k,y,e,f,f,f,c,n,b,t,?,s,s,w,w,p,w,o,e,w,v,l,p
1344,x,y,n,t,a,f,c,b,n,e,r,s,y,w,w,p,w,o,p,k,y,g,e
1345,x,s,n,t,p,f,c,n,n,e,e,s,s,w,w,p,w,o,p,n,v,u,p
1346,x,s,e,f,s,f,c,n,b,t,?,s,s,w,p,p,w,o,e,w,v,d,p
1347,f,y,n,t,n,f,c,b,u,t,b,s,s,g,w,p,w,o,p,n,y,d,e
1348,x,f,e,t,n,f,c,b,w,t,b,s,s,g,w,p,w,o,p,n,y,d,e
1349,f,y,e,t,n,f,c,b,n,t,b,s,s,w,w,p,w,o,p,k,v,d,e
1350,b,y,w,t,l,f,c,b,n,e,c,s,s,w,w,p,w,o,p,n,s,g,e
1351,x,y,n,t,n,f,c,b,w,e,?,s,s,w,e,p,w,t,e,w,c,w,e
1352,f,f,g,t,n,f,c,b,w,t,b,s,s,g,p,p,w,o,p,k,v,d,e
1353,k,s,n,f,y,f,c,n,b,t,?,k,s,p,p,p,w,o,e,w,v,d,p
1354,x,s,w,t,a,f,c,b,n,e,c,s,s,w,w,p,w,o,p,n,n,m,e
1355,x,y,n,f,s,f,c,n,b,t,?,s,s,w,w,p,w,o,e,w,v,d,p
1356,f,f,y,f,f,f,c,b,h,e,b,k,k,b,n,p,w,o,l,h,v,p,p
1357,x,f,w,f,n,f,w,b,h,t,e,f,s,w,w,p,w,o,e,k,a,g,e
1358,x,y,n,t,n,f,c,b,p,t,b,s,s,g,w,p,w,o,p,k,y,d,e
1359,k,y,n,f,f,f,c,n,b,t,?,s,s,p,p,p,w,o,e,w,v,l,p
1360,f,s,w,f,n,f,w,b,h,t,e,s,s,w,w,p,w,o,e,k,a,g,e
1361,f,s,e,f,s,f,c,n,b,t,?,k,k,w,w,p,w,o,e,w,v,d,p
1362,f,f,e,t,n,f,c,b,u,t,b,s,s,p,g,p,w,o,p,n,y,d,e
1363,b,s,w,t,a,f,c,b,k,e,c,s,s,w,w,p,w,o,p,k,s,g,e
1364,f,s,w,t,p,f,c,n,k,e,e,s,s,w,w,p,w,o,p,n,v,u,p
1365,x,f,y,f,f,f,c,b,p,e,b,k,k,b,p,p,w,o,l,h,y,g,p
1366,f,y,e,f,f,f,c,n,b,t,?,s,s,w,w,p,w,o,e,w,v,d,p
1367,f,y,n,f,f,f,c,n,b,t,?,s,s,p,p,p,w,o,e,w,v,d,p
1368,k,y,n,f,y,f,c,n,b,t,?,s,k,w,p,p,w,o,e,w,v,d,p
1369,x,y,n,t,p,f,c,n,p,e,e,s,s,w,w,p,w,o,p,n,s,u,p
1370,k,s,n,f,n,a,c,b,y,e,?,s,s,o,o,p,n,o,p,b,v,l,e
1371,x,y,g,f,f,f,c,b,h,e,b,k,k,b,n,p,w,o,l,h,v,d,p
1372,f,y,e,t,n,f,c,b,p,t,b,s,s,g,p,p,w,o,p,k,v,d,e
1373,x,y,w,t,p,f,c,n,p,e,e,s,s,w,w,p,w,o,p,n,v,g,p
1374,x,y,g,t,n,f,c,b,u,t,b,s,s,p,g,p,w,o,p,n,y,d,e
1375,x,s,w,f,n,f,w,b,h,t,e,s,f,w,w,p,w,o,e,k,s,g,e
1376,k,y,e,f,f,f,c,n,b,t,?,k,k,p,p,p,w,o,e,w,v,l,p
1377,f,f,g,f,f,f,c,b,h,e,b,k,k,n,b,p,w,o,l,h,v,p,p
1378,x,y,g,t,n,f,c,b,n,t,b,s,s,w,g,p,w,o,p,n,v,d,e
1379,k,y,n,f,f,f,c,n,b,t,?,k,k,p,p,p,w,o,e,w,v,p,p
1380,x,f,y,f,f,f,c,b,g,e,b,k,k,n,n,p,w,o,l,h,y,p,p
1381,x,y,n,t,n,f,c,b,w,t,b,s,s,w,p,p,w,o,p,n,v,d,e
1382,x,f,g,f,f,f,c,b,h,e,b,k,k,p,n,p,w,o,l,h,v,g,p
1383,b,y,y,t,l,f,c,b,k,e,c,s,s,w,w,p,w,o,p,k,n,m,e
1384,x,f,n,t,n,f,c,b,w,t,b,s,s,g,g,p,w,o,p,k,y,d,e
1385,x,y,e,t,n,f,c,b,u,t,b,s,s,g,p,p,w,o,p,n,v,d,e
1386,f,y,e,t,n,f,c,b,p,t,b,s,s,g,p,p,w,o,p,k,y,d,e
1387,f,y,y,t,a,f,c,b,p,e,r,s,y,w,w,p,w,o,p,n,s,p,e
1388,b,s,n,f,n,a,c,b,n,e,?,s,s,o,o,p,n,o,p,y,v,l,e
1389,b,s,w,t,l,f,c,b,n,e,c,s,s,w,w,p,w,o,p,k,s,g,e
1390,f,s,g,f,n,f,w,b,n,t,e,s,f,w,w,p,w,o,e,k,s,g,e
1391,x,y,n,t,n,f,c,b,w,e,b,s,s,w,w,p,w,t,p,w,y,p,e
1392,x,f,e,t,n,f,c,b,u,t,b,s,s,w,p,p,w,o,p,n,y,d,e
1393,f,s,n,f,s,f,c,n,b,t,?,s,k,p,w,p,w,o,e,w,v,p,p
1394,x,y,n,f,n,f,w,n,w,e,b,f,f,w,n,p,w,o,e,w,v,l,e
1395,f,s,e,f,f,f,c,n,b,t,?,s,s,p,p,p,w,o,e,w,v,l,p
1396,x,y,g,t,n,f,c,b,w,t,b,s,s,p,g,p,w,o,p,k,v,d,e
1397,x,y,n,f,y,f,c,n,b,t,?,k,s,p,p,p,w,o,e,w,v,d,p
1398,f,y,n,t,a,f,c,b,p,e,r,s,y,w,w,p,w,o,p,n,y,p,e
1399,f,s,p,t,n,f,c,b,r,e,b,s,s,w,w,p,w,t,p,r,v,g,p
1400,x,f,y,f,f,f,c,b,p,e,b,k,k,b,b,p,w,o,l,h,y,d,p
1401,f,s,w,f,n,f,w,b,n,t,e,f,f,w,w,p,w,o,e,n,s,g,e
1402,x,f,n,t,n,f,c,b,u,t,b,s,s,w,g,p,w,o,p,k,y,d,e
1403,f,f,g,f,f,f,c,b,p,e,b,k,k,n,n,p,w,o,l,h,y,p,p
1404,x,f,p,f,c,f,c,n,u,e,b,s,s,w,w,p,w,o,p,k,s,d,p
1405,x,y,n,t,n,f,c,b,u,t,b,s,s,w,g,p,w,o,p,k,v,d,e
1406,x,f,p,f,c,f,w,n,n,e,b,s,s,w,w,p,w,o,p,n,s,d,p
1407,x,y,n,t,a,f,c,b,p,e,r,s,y,w,w,p,w,o,p,k,s,g,e
1408,f,f,n,t,n,f,c,b,n,t,b,s,s,g,w,p,w,o,p,k,y,d,e
1409,x,y,n,t,l,f,c,b,n,e,r,s,y,w,w,p,w,o,p,k,s,g,e
1410,x,y,g,t,n,f,c,b,w,t,b,s,s,w,w,p,w,o,p,k,y,d,e
1411,x,y,y,f,f,f,c,b,h,e,b,k,k,n,n,p,w,o,l,h,v,d,p
1412,x,y,n,f,y,f,c,n,b,t,?,k,k,p,p,p,w,o,e,w,v,l,p
1413,x,s,b,t,f,f,c,b,p,t,b,s,f,w,w,p,w,o,p,h,v,u,p
1414,b,y,w,t,a,f,c,b,w,e,c,s,s,w,w,p,w,o,p,k,s,g,e
1415,f,f,g,f,n,f,w,b,n,t,e,s,f,w,w,p,w,o,e,k,s,g,e
1416,f,f,g,t,n,f,c,b,u,t,b,s,s,w,p,p,w,o,p,n,v,d,e
1417,x,y,e,f,y,f,c,n,b,t,?,k,k,w,w,p,w,o,e,w,v,p,p
1418,x,s,g,f,c,f,w,n,n,e,b,s,s,w,w,p,w,o,p,k,s,d,p
1419,f,y,n,t,l,f,c,b,p,e,r,s,y,w,w,p,w,o,p,k,s,g,e
1420,x,s,n,f,y,f,c,n,b,t,?,k,s,p,w,p,w,o,e,w,v,l,p
1421,x,f,p,f,c,f,w,n,p,e,b,s,s,w,w,p,w,o,p,n,s,d,p
1422,b,f,w,f,n,f,w,b,p,e,?,s,s,w,w,p,w,t,p,w,n,g,e
1423,f,f,n,t,n,f,c,b,w,t,b,s,s,w,p,p,w,o,p,n,y,d,e
1424,x,f,e,t,n,f,c,b,p,t,b,s,s,p,p,p,w,o,p,k,v,d,e
1425,x,s,b,t,f,f,c,b,p,t,b,f,s,w,w,p,w,o,p,h,s,u,p
1426,f,y,y,f,f,f,c,b,g,e,b,k,k,b,n,p,w,o,l,h,v,d,p
1427,x,f,g,f,f,f,c,b,h,e,b,k,k,b,n,p,w,o,l,h,v,p,p
1428,b,y,y,t,a,f,c,b,n,e,c,s,s,w,w,p,w,o,p,k,n,m,e
1429,x,f,g,f,f,f,c,b,p,e,b,k,k,n,b,p,w,o,l,h,y,p,p
1430,f,s,b,t,f,f,c,b,w,t,b,f,s,w,w,p,w,o,p,h,s,u,p
1431,x,y,n,t,p,f,c,n,w,e,e,s,s,w,w,p,w,o,p,k,v,u,p
1432,f,y,b,t,n,f,c,b,w,e,?,s,s,w,e,p,w,t,e,w,c,w,e
1433,x,y,g,t,n,f,c,b,p,t,b,s,s,w,w,p,w,o,p,n,y,d,e
1434,x,f,n,t,n,f,c,b,p,t,b,s,s,w,g,p,w,o,p,k,v,d,e
1435,f,s,n,f,n,f,w,b,k,t,e,s,f,w,w,p,w,o,e,n,s,g,e
1436,f,f,g,f,f,f,c,b,h,e,b,k,k,p,b,p,w,o,l,h,y,p,p
1437,f,s,n,f,n,a,c,b,o,e,?,s,s,o,o,p,o,o,p,y,v,l,e
1438,x,y,n,t,a,f,c,b,p,e,r,s,y,w,w,p,w,o,p,n,y,p,e
1439,f,y,e,t,n,f,c,b,p,t,b,s,s,g,p,p,w,o,p,n,v,d,e
1440,x,s,n,f,s,f,c,n,b,t,?,k,s,p,w,p,w,o,e,w,v,l,p
1441,x,s,n,f,f,f,c,n,b,t,?,k,s,w,p,p,w,o,e,w,v,p,p
1442,f,s,b,t,f,f,c,b,h,t,b,s,f,w,w,p,w,o,p,h,s,g,p
1443,f,y,e,f,y,f,c,n,b,t,?,k,k,w,p,p,w,o,e,w,v,l,p
1444,x,f,g,f,f,f,c,b,h,e,b,k,k,n,n,p,w,o,l,h,v,p,p
1445,k,y,e,f,f,f,c,n,b,t,?,k,s,p,p,p,w,o,e,w,v,p,p
1446,x,y,g,t,n,f,c,b,n,t,b,s,s,w,w,p,w,o,p,k,y,d,e
1447,x,f,g,t,n,f,c,b,p,t,b,s,s,w,p,p,w,o,p,k,y,d,e
1448,f,s,g,f,n,f,w,b,k,t,e,s,s,w,w,p,w,o,e,n,s,g,e
1449,x,y,e,t,n,f,c,b,w,e,?,s,s,w,e,p,w,t,e,w,c,w,e
1450,x,s,w,t,f,f,c,b,h,t,b,s,s,w,w,p,w,o,p,h,s,u,p
1451,f,y,e,f,y,f,c,n,b,t,?,k,s,w,p,p,w,o,e,w,v,l,p
1452,f,y,e,f,f,f,c,n,b,t,?,k,s,w,w,p,w,o,e,w,v,p,p
1453,f,f,e,t,n,f,c,b,n,t,b,s,s,p,p,p,w,o,p,n,v,d,e
1454,f,s,b,t,f,f,c,b,w,t,b,s,f,w,w,p,w,o,p,h,v,u,p
1455,x,y,y,f,f,f,c,b,h,e,b,k,k,n,n,p,w,o,l,h,y,p,p
1456,x,f,g,f,f,f,c,b,p,e,b,k,k,b,p,p,w,o,l,h,v,g,p
1457,b,s,y,t,l,f,c,b,n,e,c,s,s,w,w,p,w,o,p,k,s,g,e
1458,x,s,p,f,c,f,c,n,u,e,b,s,s,w,w,p,w,o,p,k,v,d,p
1459,x,y,y,f,f,f,c,b,g,e,b,k,k,b,b,p,w,o,l,h,y,d,p
1460,k,y,e,f,y,f,c,n,b,t,?,s,s,p,p,p,w,o,e,w,v,d,p
1461,x,y,y,f,f,f,c,b,g,e,b,k,k,b,n,p,w,o,l,h,v,g,p
1462,x,f,g,t,n,f,c,b,u,t,b,s,s,g,w,p,w,o,p,n,y,d,e
1463,f,s,e,f,s,f,c,n,b,t,?,k,s,p,w,p,w,o,e,w,v,d,p
1464,f,s,n,f,y,f,c,n,b,t,?,k,k,w,w,p,w,o,e,w,v,d,p
1465,f,s,e,f,s,f,c,n,b,t,?,s,k,w,w,p,w,o,e,w,v,d,p
1466,f,s,n,f,n,f,w,b,p,t,e,s,s,w,w,p,w,o,e,n,a,g,e
1467,f,f,g,t,n,f,c,b,w,t,b,s,s,p,w,p,w,o,p,n,v,d,e
1468,x,f,n,t,n,f,c,b,u,t,b,s,s,g,p,p,w,o,p,k,y,d,e
1469,f,s,b,t,n,f,c,b,w,e,b,s,s,w,w,p,w,t,p,r,v,m,p
1470,k,s,e,f,s,f,c,n,b,t,?,s,s,w,p,p,w,o,e,w,v,l,p
1471,x,s,n,t,n,f,c,b,e,e,?,s,s,e,e,p,w,t,e,w,c,w,e
1472,f,f,y,f,f,f,c,b,g,e,b,k,k,b,b,p,w,o,l,h,v,g,p
1473,x,y,n,t,n,f,c,b,n,t,b,s,s,g,p,p,w,o,p,k,v,d,e
1474,f,f,g,t,n,f,c,b,n,t,b,s,s,w,g,p,w,o,p,n,y,d,e
1475,x,y,n,f,f,f,c,n,b,t,?,s,s,w,p,p,w,o,e,w,v,d,p
1476,x,s,w,f,n,f,w,b,h,t,e,s,f,w,w,p,w,o,e,n,a,g,e
1477,f,s,e,f,y,f,c,n,b,t,?,s,k,w,p,p,w,o,e,w,v,l,p
1478,f,y,y,f,f,f,c,b,p,e,b,k,k,n,p,p,w,o,l,h,y,p,p
1479,b,s,n,f,n,a,c,b,o,e,?,s,s,o,o,p,n,o,p,b,c,l,e
1480,x,y,w,t,p,f,c,n,w,e,e,s,s,w,w,p,w,o,p,n,v,u,p
1481,x,f,g,f,f,f,c,b,g,e,b,k,k,p,n,p,w,o,l,h,y,d,p
1482,x,s,y,t,a,f,c,b,w,e,c,s,s,w,w,p,w,o,p,k,n,g,e
1483,x,s,p,f,c,f,w,n,u,e,b,s,s,w,w,p,w,o,p,k,v,d,p
1484,f,s,e,f,y,f,c,n,b,t,?,k,s,p,p,p,w,o,e,w,v,p,p
1485,x,y,e,t,n,f,c,b,p,t,b,s,s,g,w,p,w,o,p,k,v,d,e
1486,f,y,e,t,n,f,c,b,p,t,b,s,s,w,w,p,w,o,p,k,y,d,e
1487,x,s,w,t,a,f,c,b,k,e,c,s,s,w,w,p,w,o,p,k,s,g,e
1488,k,f,w,f,n,f,w,b,p,e,?,s,s,w,w,p,w,t,p,w,n,g,e
1489,x,f,y,f,f,f,c,b,h,e,b,k,k,n,n,p,w,o,l,h,v,d,p
1490,x,y,n,t,n,f,c,b,n,t,b,s,s,w,g,p,w,o,p,n,y,d,e
1491,x,y,e,f,f,f,c,n,b,t,?,s,s,w,p,p,w,o,e,w,v,d,p
1492,f,s,e,f,s,f,c,n,b,t,?,k,s,w,p,p,w,o,e,w,v,d,p
1493,f,f,w,f,n,f,w,b,p,t,e,s,f,w,w,p,w,o,e,n,s,g,e
1494,x,s,n,f,y,f,c,n,b,t,?,s,s,p,p,p,w,o,e,w,v,p,p
1495,x,y,e,f,f,f,c,n,b,t,?,s,s,p,w,p,w,o,e,w,v,l,p
1496,f,f,g,t,n,f,c,b,w,t,b,s,s,g,g,p,w,o,p,k,v,d,e
1497,x,y,e,f,y,f,c,n,b,t,?,k,k,w,p,p,w,o,e,w,v,d,p
1498,f,s,w,t,f,f,c,b,h,t,b,s,f,w,w,p,w,o,p,h,s,g,p
1499,f,y,y,f,f,f,c,b,h,e,b,k,k,n,b,p,w,o,l,h,y,p,p
1500,b,s,n,f,n,a,c,b,y,e,?,s,s,o,o,p,o,o,p,o,v,l,e
1501,f,f,g,f,n,f,w,b,n,t,e,s,f,w,w,p,w,o,e,k,a,g,e
1502,f,y,n,t,l,f,c,b,p,e,r,s,y,w,w,p,w,o,p,n,s,g,e
1503,x,s,n,f,n,f,w,b,h,t,e,f,f,w,w,p,w,o,e,k,s,g,e
1504,x,f,n,t,n,f,c,b,n,t,b,s,s,w,w,p,w,o,p,k,y,d,e
1505,f,f,y,f,f,f,c,b,g,e,b,k,k,p,n,p,w,o,l,h,y,p,p
1506,f,y,g,f,f,f,c,b,g,e,b,k,k,n,n,p,w,o,l,h,v,g,p
1507,f,y,e,t,n,f,c,b,u,t,b,s,s,g,g,p,w,o,p,k,v,d,e
1508,x,y,e,f,y,f,c,n,b,t,?,k,s,w,p,p,w,o,e,w,v,l,p
1509,x,y,e,t,n,f,c,b,w,t,b,s,s,p,g,p,w,o,p,k,v,d,e
1510,f,s,y,t,a,f,w,n,w,t,b,s,s,w,w,p,w,o,p,n,v,d,e
1511,x,y,g,f,f,f,c,b,p,e,b,k,k,b,b,p,w,o,l,h,y,d,p
1512,x,s,y,t,l,f,c,b,n,e,c,s,s,w,w,p,w,o,p,k,s,g,e
1513,x,y,y,f,f,f,c,b,h,e,b,k,k,p,n,p,w,o,l,h,v,g,p
1514,x,y,n,t,n,f,c,b,w,t,b,s,s,p,w,p,w,o,p,n,v,d,e
1515,f,s,w,t,f,f,c,b,h,t,b,s,s,w,w,p,w,o,p,h,s,g,p
1516,f,f,g,f,f,f,c,b,h,e,b,k,k,p,p,p,w,o,l,h,y,d,p
1517,k,y,n,f,s,f,c,n,b,t,?,s,s,w,p,p,w,o,e,w,v,p,p
1518,x,f,n,t,n,f,c,b,w,t,b,s,s,p,g,p,w,o,p,n,v,d,e
1519,f,f,e,t,n,f,c,b,u,t,b,s,s,g,p,p,w,o,p,k,v,d,e
1520,x,y,e,f,y,f,c,n,b,t,?,s,s,p,p,p,w,o,e,w,v,d,p
1521,f,s,b,t,f,f,c,b,h,t,b,s,s,w,w,p,w,o,p,h,s,u,p
1522,x,y,n,t,p,f,c,n,w,e,e,s,s,w,w,p,w,o,p,n,s,g,p
1523,x,y,e,f,f,f,c,n,b,t,?,k,s,p,w,p,w,o,e,w,v,p,p
1524,f,f,n,t,n,f,c,b,n,t,b,s,s,w,g,p,w,o,p,k,v,d,e
1525,x,y,c,f,m,a,c,b,y,e,c,k,y,c,c,p,w,n,n,w,c,d,p
1526,f,y,n,t,p,f,c,n,n,e,e,s,s,w,w,p,w,o,p,n,v,g,p
1527,k,s,n,f,f,f,c,n,b,t,?,k,s,p,p,p,w,o,e,w,v,d,p
1528,x,y,g,f,f,f,c,b,h,e,b,k,k,n,b,p,w,o,l,h,y,g,p
1529,k,s,e,f,f,f,c,n,b,t,?,k,s,w,w,p,w,o,e,w,v,l,p
1530,k,y,c,f,m,a,c,b,y,e,c,k,y,c,c,p,w,n,n,w,c,d,p
1531,f,s,e,f,f,f,c,n,b,t,?,k,s,w,p,p,w,o,e,w,v,p,p
1532,x,s,w,t,f,f,c,b,w,t,b,s,s,w,w,p,w,o,p,h,v,u,p
1533,f,y,g,t,n,f,c,b,p,t,b,s,s,w,p,p,w,o,p,k,y,d,e
1534,f,s,e,f,f,f,c,n,b,t,?,k,k,w,w,p,w,o,e,w,v,p,p
1535,x,y,n,t,n,f,c,b,p,t,b,s,s,p,p,p,w,o,p,k,y,d,e
1536,f,f,y,f,f,f,c,b,g,e,b,k,k,p,n,p,w,o,l,h,v,d,p
1537,x,f,y,f,f,f,c,b,h,e,b,k,k,n,p,p,w,o,l,h,y,g,p
1538,f,f,y,f,f,f,c,b,g,e,b,k,k,n,n,p,w,o,l,h,v,d,p
1539,f,y,y,f,f,f,c,b,h,e,b,k,k,b,n,p,w,o,l,h,v,d,p
1540,f,y,y,t,a,f,c,b,p,e,r,s,y,w,w,p,w,o,p,n,y,g,e
1541,x,s,n,f,f,f,c,n,b,t,?,k,s,w,w,p,w,o,e,w,v,d,p
1542,f,f,n,t,n,f,c,b,w,t,b,s,s,p,w,p,w,o,p,k,v,d,e
1543,f,y,e,f,s,f,c,n,b,t,?,k,k,w,w,p,w,o,e,w,v,l,p
1544,x,y,g,t,n,f,c,b,p,t,b,s,s,w,g,p,w,o,p,k,v,d,e
1545,f,y,p,t,n,f,c,b,w,e,b,s,s,w,w,p,w,t,p,w,y,p,e
1546,x,f,g,f,f,f,c,b,h,e,b,k,k,n,p,p,w,o,l,h,y,g,p
1547,x,f,g,f,f,f,c,b,g,e,b,k,k,n,b,p,w,o,l,h,y,p,p
1548,k,s,e,f,s,f,c,n,b,t,?,k,s,p,w,p,w,o,e,w,v,d,p
1549,f,s,n,t,p,f,c,n,w,e,e,s,s,w,w,p,w,o,p,k,v,g,p
1550,f,f,y,f,f,f,c,b,g,e,b,k,k,b,p,p,w,o,l,h,v,p,p
1551,k,y,n,f,f,f,c,n,b,t,?,s,s,w,w,p,w,o,e,w,v,l,p
1552,x,f,g,f,n,f,w,b,p,t,e,f,s,w,w,p,w,o,e,k,s,g,e
1553,x,y,e,f,f,f,c,n,b,t,?,s,s,p,w,p,w,o,e,w,v,d,p
1554,f,y,e,t,n,f,c,b,p,t,b,s,s,p,w,p,w,o,p,n,y,d,e
1555,x,y,n,t,n,f,c,b,p,t,b,s,s,p,g,p,w,o,p,n,y,d,e
1556,f,s,n,f,n,f,w,b,k,t,e,f,f,w,w,p,w,o,e,n,a,g,e
1557,x,y,g,f,f,f,c,b,p,e,b,k,k,b,n,p,w,o,l,h,y,g,p
1558,f,y,r,f,n,f,c,n,w,e,?,s,f,w,w,p,w,o,f,h,y,d,e
1559,f,g,w,t,n,f,w,n,w,e,b,s,s,w,w,p,w,o,p,w,c,l,p
1560,f,s,w,f,n,f,w,b,k,t,e,f,f,w,w,p,w,o,e,n,s,g,e
1561,f,y,g,t,n,f,c,b,n,t,b,s,s,w,p,p,w,o,p,k,y,d,e
1562,f,s,e,f,f,f,c,n,b,t,?,s,s,p,w,p,w,o,e,w,v,p,p
1563,f,s,n,f,y,f,c,n,b,t,?,k,k,p,w,p,w,o,e,w,v,p,p
1564,x,f,g,t,n,f,c,b,u,t,b,s,s,p,g,p,w,o,p,n,y,d,e
1565,b,y,w,t,a,f,c,b,n,e,c,s,s,w,w,p,w,o,p,n,s,g,e
1566,x,f,g,f,f,f,c,b,h,e,b,k,k,p,n,p,w,o,l,h,y,g,p
1567,x,s,g,t,f,f,c,b,h,t,b,s,f,w,w,p,w,o,p,h,s,g,p
1568,b,y,w,t,l,f,c,b,k,e,c,s,s,w,w,p,w,o,p,k,s,m,e
1569,x,f,n,f,n,f,w,b,h,t,e,f,s,w,w,p,w,o,e,k,a,g,e
1570,x,f,w,f,n,f,w,b,k,t,e,f,s,w,w,p,w,o,e,n,s,g,e
1571,f,f,n,t,n,f,c,b,n,t,b,s,s,w,w,p,w,o,p,k,v,d,e
1572,x,f,y,f,f,f,c,b,h,e,b,k,k,n,p,p,w,o,l,h,v,p,p
1573,x,s,n,f,f,f,c,n,b,t,?,s,s,w,w,p,w,o,e,w,v,l,p
1574,f,f,g,t,n,f,c,b,w,t,b,s,s,p,w,p,w,o,p,k,y,d,e
1575,x,y,n,f,s,f,c,n,b,t,?,s,k,w,p,p,w,o,e,w,v,l,p
1576,f,s,b,t,f,f,c,b,w,t,b,f,f,w,w,p,w,o,p,h,s,g,p
1577,k,s,n,f,y,f,c,n,b,t,?,s,k,w,p,p,w,o,e,w,v,d,p
1578,b,s,n,f,n,a,c,b,y,e,?,s,s,o,o,p,o,o,p,n,v,l,e
1579,k,y,n,f,s,f,c,n,b,t,?,s,k,p,p,p,w,o,e,w,v,l,p
1580,x,y,y,f,f,f,c,b,p,e,b,k,k,n,p,p,w,o,l,h,v,g,p
1581,x,f,g,t,n,f,c,b,n,t,b,s,s,p,w,p,w,o,p,n,v,d,e
1582,f,y,w,t,n,f,c,b,r,e,b,s,s,w,w,p,w,t,p,r,v,m,p
1583,x,f,n,t,n,f,c,b,n,t,b,s,s,g,g,p,w,o,p,n,v,d,e
1584,x,s,e,f,s,f,c,n,b,t,?,s,k,p,p,p,w,o,e,w,v,p,p
1585,x,s,n,f,s,f,c,n,b,t,?,s,s,w,w,p,w,o,e,w,v,d,p
1586,x,f,w,f,n,f,w,b,h,t,e,s,s,w,w,p,w,o,e,k,a,g,e
1587,f,f,g,f,f,f,c,b,g,e,b,k,k,b,n,p,w,o,l,h,y,p,p
1588,x,y,e,t,n,f,c,b,w,t,b,s,s,g,p,p,w,o,p,n,y,d,e
1589,x,f,e,t,n,f,c,b,n,t,b,s,s,p,p,p,w,o,p,k,y,d,e
1590,x,f,n,t,n,f,c,b,p,t,b,s,s,p,p,p,w,o,p,n,v,d,e
1591,f,s,n,f,n,f,w,b,h,t,e,f,f,w,w,p,w,o,e,n,s,g,e
1592,x,f,y,f,f,f,c,b,h,e,b,k,k,n,b,p,w,o,l,h,v,p,p
1593,f,y,y,f,f,f,c,b,p,e,b,k,k,n,b,p,w,o,l,h,v,d,p
1594,f,f,g,f,n,f,w,b,h,t,e,s,s,w,w,p,w,o,e,n,s,g,e
1595,f,s,e,f,y,f,c,n,b,t,?,s,k,p,w,p,w,o,e,w,v,l,p
1596,x,f,n,f,n,f,w,b,p,t,e,s,f,w,w,p,w,o,e,k,a,g,e
1597,f,y,y,f,f,f,c,b,h,e,b,k,k,p,p,p,w,o,l,h,y,g,p
1598,f,s,e,f,f,f,c,n,b,t,?,s,s,p,p,p,w,o,e,w,v,p,p
1599,b,y,y,t,l,f,c,b,g,e,c,s,s,w,w,p,w,o,p,k,n,g,e
1600,x,f,y,f,f,f,c,b,h,e,b,k,k,p,b,p,w,o,l,h,y,p,p
1601,f,f,n,f,n,f,c,n,n,e,e,s,s,w,w,p,w,o,p,n,v,u,e
1602,f,y,g,f,f,f,c,b,h,e,b,k,k,p,p,p,w,o,l,h,y,g,p
1603,f,s,n,f,n,a,c,b,n,e,?,s,s,o,o,p,n,o,p,o,c,l,e
1604,f,f,g,f,f,f,c,b,g,e,b,k,k,p,b,p,w,o,l,h,v,g,p
1605,b,y,y,t,l,f,c,b,k,e,c,s,s,w,w,p,w,o,p,n,s,m,e
1606,f,y,y,f,f,f,c,b,p,e,b,k,k,b,p,p,w,o,l,h,y,p,p
1607,f,y,e,f,f,f,c,n,b,t,?,k,s,w,p,p,w,o,e,w,v,l,p
1608,x,s,y,t,l,f,c,b,k,e,c,s,s,w,w,p,w,o,p,n,s,m,e
1609,f,f,g,f,f,f,c,b,h,e,b,k,k,n,n,p,w,o,l,h,v,d,p
1610,k,y,n,f,f,f,c,n,b,t,?,k,k,p,w,p,w,o,e,w,v,l,p
1611,x,y,g,t,n,f,c,b,u,t,b,s,s,p,w,p,w,o,p,n,v,d,e
1612,k,y,n,f,y,f,c,n,b,t,?,s,k,p,w,p,w,o,e,w,v,l,p
1613,f,y,y,f,f,f,c,b,h,e,b,k,k,p,n,p,w,o,l,h,y,p,p
1614,f,f,n,t,n,f,c,b,p,t,b,s,s,w,g,p,w,o,p,k,y,d,e
1615,f,y,y,f,f,f,c,b,h,e,b,k,k,n,b,p,w,o,l,h,v,d,p
1616,f,s,e,f,y,f,c,n,b,t,?,s,k,w,p,p,w,o,e,w,v,d,p
1617,x,f,e,t,n,f,c,b,n,t,b,s,s,w,p,p,w,o,p,k,v,d,e
1618,k,s,n,f,y,f,c,n,b,t,?,k,k,w,p,p,w,o,e,w,v,l,p
1619,k,f,w,f,n,f,w,b,w,e,?,k,k,w,w,p,w,t,p,w,n,g,e
1620,f,s,b,t,f,f,c,b,p,t,b,f,f,w,w,p,w,o,p,h,v,g,p
1621,k,y,e,f,f,f,c,n,b,t,?,k,k,w,p,p,w,o,e,w,v,l,p
1622,k,s,g,f,n,f,w,b,g,e,?,k,s,w,w,p,w,t,p,w,s,g,e
1623,f,s,n,f,n,f,w,b,k,t,e,f,s,w,w,p,w,o,e,n,s,g,e
1624,x,y,e,f,s,f,c,n,b,t,?,s,s,p,p,p,w,o,e,w,v,l,p
